EXP;GIRL;AGE;TIREDNESS;SLEEP;HEIGHT;WEIGHT;DEP1;DEP2;DEP3;DEP4;IG;IGPHOTOS1;IGPHOTOS2;INTER1;INTER2;INTER3;INTER4;INTER5;APP1;APP2;APP3;APP4;APP5;APP6;APP7;APP8;APP9;APP10;SELF1;SELF2;SELF3;SELF4;SELF5;SCHEM1;SCHEM2;SCHEM3;SCHEM4;SCHEM5;SCHEM6;SCHEM7;SCHEM8;SCHEM9;SHCEM10;MEMORY1;MEMORY2;BD1;BD2;BD3;BD4;BD5;BD6;BD7;BD8;BD9;ATT1;ATT2;COM1;COM2;BMI
0;1;13;5;3;163;48;5;5;4;5;3;3;2;4;5;2;4;4;1;1;2;1;2;1;1;2;1;1;1;1;2;1;1;1;1;1;2;1;1;1;1;1;1;2;1;2;4;3;5;5;4;2;4;2;3;1;3;3;18,066167337875
0;1;14;3;3;155;55;3;4;3;4;5;2;5;1;1;1;1;2;1;1;4;1;2;2;1;1;1;1;2;2;2;2;3;2;4;3;2;4;4;2;3;3;4;2;2;4;4;4;4;5;4;4;4;4;4;1;4;2;22,8928199791883
1;0;14;2;3;177;70;1;1;1;1;5;2;5;3;3;3;3;3;3;1;1;3;1;1;1;1;1;1;2;2;2;2;2;1;1;1;1;1;1;1;1;1;1;2;2;1;1;2;2;5;1;2;1;2;2;2;3;4;22,343515592582
1;1;18;3;4;162;58;3;3;2;2;5;2;5;1;1;1;1;1;4;3;4;2;3;2;2;3;3;4;2;2;3;4;3;4;5;4;5;5;3;4;5;5;2;2;2;2;2;4;2;4;1;2;1;1;3;1;3;4;22,1002895900015
1;0;15;3;1;170;50;1;1;3;1;1;1;1;1;1;1;1;1;2;1;2;2;2;3;1;2;99;99;2;2;2;2;2;3;3;3;3;3;3;3;3;3;3;2;2;1;1;4;5;5;1;5;1;5;1;1;1;1;17,3010380622837
0;1;14;3;4;164;44;4;2;4;3;4;2;4;3;5;5;5;2;3;3;5;3;3;4;4;2;3;4;2;2;2;3;3;1;1;1;1;1;1;1;1;1;1;2;2;1;1;5;5;5;1;5;1;5;1;1;1;1;16,3593099345628
1;1;17;2;1;180;60;1;1;1;1;3;4;2;1;1;1;1;1;5;5;5;5;5;5;5;5;5;5;3;3;3;3;3;4;4;4;4;4;4;4;4;4;4;2;2;1;1;5;5;5;1;5;1;5;2;2;2;2;18,5185185185185
0;0;15;2;2;172;70;2;1;2;2;5;3;5;1;2;2;1;1;1;3;2;2;2;1;1;1;2;2;4;3;4;4;4;2;2;2;2;3;3;3;3;2;3;2;2;3;3;4;4;4;3;4;2;5;2;2;3;1;23,6614386154678
1;1;15;3;3;166;69;3;1;3;3;5;2;5;5;4;5;5;5;4;4;4;4;4;4;4;4;4;4;4;4;4;4;4;1;2;1;99;1;99;3;1;3;3;2;2;3;3;2;3;3;2;3;2;99;2;1;3;3;25,0399187109885
0;1;17;3;3;160;59;4;4;4;4;5;1;4;3;3;5;5;1;1;1;1;1;1;1;1;1;1;1;1;1;1;4;2;1;1;5;3;4;4;2;2;99;4;2;2;5;5;5;5;5;1;5;5;4;4;1;2;4;23,046875
0;1;17;3;3;170;63;2;1;2;2;5;3;3;1;1;1;1;1;5;5;5;5;5;5;5;5;5;5;4;4;4;4;4;4;3;4;4;4;4;4;3;4;4;2;2;2;2;4;3;2;2;3;2;3;2;2;2;2;21,7993079584775
0;1;17;4;4;155;55;4;4;4;4;3;2;3;1;1;1;1;1;3;3;3;3;3;3;3;3;3;3;3;3;3;3;3;4;3;4;4;4;3;4;4;3;3;2;2;1;1;2;2;2;4;2;4;2;4;3;3;3;22,8928199791883
0;1;17;5;5;159;84;5;5;5;5;5;2;5;2;4;4;4;2;1;1;2;1;2;1;1;1;1;2;1;1;2;2;2;1;3;4;2;2;3;2;2;3;2;2;2;3;5;5;4;4;3;4;2;4;2;1;2;4;33,2265337605316
1;0;14;3;2;186;101;2;1;3;4;5;1;5;5;5;5;5;5;5;2;3;3;1;5;3;5;2;1;3;3;2;4;4;1;1;1;2;2;2;2;2;3;4;2;2;4;4;3;4;3;3;4;4;2;1;2;4;3;29,1941264886114
0;0;18;3;2;180;62;5;1;5;5;5;2;4;5;5;1;5;4;5;5;5;4;4;5;5;5;5;4;4;3;3;4;4;1;2;1;2;1;1;1;1;4;1;2;2;1;1;2;1;3;1;2;1;1;4;1;3;4;19,1358024691358
1;1;14;4;3;178;69;5;5;3;4;5;3;5;4;5;5;5;4;3;2;3;3;1;1;2;4;2;1;1;1;1;4;4;1;2;1;3;3;2;2;1;1;4;2;2;1;4;5;2;5;1;5;3;3;1;1;1;4;21,7775533392248
1;1;17;5;5;160;54;5;4;5;5;4;2;3;2;2;1;1;1;3;4;4;2;2;3;3;1;2;2;3;2;1;2;2;1;2;5;3;4;5;5;5;3;4;2;2;3;5;4;99;4;4;3;4;3;4;2;4;2;21,09375
1;0;15;3;1;182;70;3;2;3;2;1;1;1;1;1;1;1;1;3;4;5;3;3;2;3;4;4;3;4;4;4;3;3;3;3;4;4;5;3;3;4;3;4;2;2;2;3;4;4;5;3;3;3;3;2;2;1;1;21,1327134404057
1;0;17;3;2;175;67;1;1;1;1;4;3;4;5;5;4;5;5;4;4;4;4;4;4;4;4;4;4;4;4;4;4;4;5;5;5;5;5;5;5;5;5;5;2;2;1;1;5;5;5;1;5;1;5;1;3;2;1;21,8775510204082
0;0;13;4;3;177;64;4;4;3;2;5;2;5;5;4;2;3;1;4;4;4;4;4;5;4;3;5;5;4;4;4;2;4;5;4;5;5;5;4;5;5;5;5;2;2;2;2;2;2;2;4;2;2;4;2;3;3;4;20,4283571132178
1;0;14;4;3;165;75;3;4;3;4;1;1;1;1;2;2;1;1;3;3;3;3;2;3;3;2;3;2;2;2;2;2;2;4;2;4;3;5;3;4;3;4;4;2;2;2;3;4;2;4;3;4;2;3;2;1;2;3;27,5482093663912
0;0;13;2;1;140;39;1;1;1;1;1;2;2;2;2;2;2;2;5;5;5;5;5;5;5;5;5;5;3;3;2;3;2;4;4;4;4;4;4;4;4;4;4;2;2;4;2;2;5;3;3;3;4;3;2;2;2;2;19,8979591836735
1;1;18;4;3;150;80;3;3;3;3;5;3;5;4;4;4;4;4;1;1;2;1;1;1;2;2;1;1;3;2;3;3;2;2;2;2;4;3;4;2;2;2;4;2;2;5;5;4;4;5;5;4;5;4;2;1;3;4;35,5555555555556
1;1;14;2;3;159;54;2;1;2;3;1;1;1;1;2;1;1;1;5;5;5;5;5;5;5;99;5;5;4;4;3;3;4;4;3;3;4;4;3;4;4;3;4;1;1;1;1;1;1;1;1;1;1;1;3;2;2;3;21,3599145603418
1;0;15;1;2;182;95;1;1;2;1;5;2;4;4;4;3;4;3;5;5;4;5;5;5;3;5;4;3;4;4;4;4;4;4;5;5;5;3;5;5;5;5;5;2;2;2;2;3;1;1;3;1;3;3;2;3;3;4;28,6801110976935
1;0;16;3;3;170;60;3;2;4;4;2;1;3;1;1;1;1;1;3;3;4;4;5;5;4;4;5;5;3;2;4;3;3;4;3;3;4;5;5;4;3;2;2;2;2;1;1;1;3;2;1;2;3;1;3;3;4;3;20,7612456747405
0;1;14;3;4;165;46;2;1;1;2;1;1;4;1;1;1;1;1;3;5;5;5;3;5;5;3;5;3;2;3;2;2;2;4;2;2;5;5;5;5;1;1;5;2;2;1;1;1;1;3;1;1;1;1;3;1;4;4;16,8962350780533
0;0;15;3;3;170;69;3;3;3;3;5;5;5;5;5;5;5;5;2;2;3;3;5;2;2;2;3;2;3;3;3;2;4;5;5;5;5;5;5;5;5;5;5;2;2;5;2;4;3;3;3;3;3;2;4;1;4;4;23,8754325259516
0;1;15;5;4;173;96;5;5;4;3;2;2;2;5;5;5;5;5;1;1;2;2;1;1;1;1;2;1;1;1;2;2;1;3;5;4;4;3;4;4;4;5;4;2;2;5;5;5;4;5;5;5;5;5;3;1;3;3;32,075912994086
0;1;17;3;5;163;52;5;5;4;4;5;2;4;5;5;5;5;4;2;1;2;1;1;1;2;2;1;3;2;2;4;1;4;5;5;5;5;5;5;5;5;5;99;2;2;5;5;5;4;3;4;5;1;4;3;1;3;4;19,5716812826979
0;0;15;1;3;170;56;2;1;2;1;2;2;3;1;1;1;1;1;3;4;3;3;2;3;3;3;3;3;3;3;3;3;3;1;1;1;1;1;1;1;1;1;1;2;2;1;1;5;5;5;1;5;1;5;1;2;1;4;19,3771626297578
0;0;14;2;1;175;69;1;1;1;3;3;2;3;5;4;4;4;5;5;5;5;5;4;5;5;4;5;5;4;4;4;4;4;4;4;4;4;3;5;4;4;3;3;2;2;4;3;2;3;2;3;3;3;3;2;2;3;2;22,530612244898
1;1;16;2;3;167;50;4;2;5;5;3;2;2;4;5;3;5;3;1;1;2;2;2;1;1;1;1;1;2;2;3;3;2;5;5;3;3;1;3;5;2;1;4;2;2;3;4;5;2;5;3;3;3;3;3;2;3;3;17,9282154254366
1;0;18;4;4;182;63;3;4;2;3;1;1;1;1;1;1;1;1;3;3;3;1;4;3;3;3;4;3;2;3;3;2;2;1;1;1;1;1;1;1;1;1;1;2;2;1;1;3;3;5;1;3;1;3;1;1;2;3;19,0194420963652
0;0;18;1;2;192;94;1;1;4;2;5;3;4;1;5;5;4;1;4;5;5;4;4;5;5;5;5;5;3;3;3;3;4;4;5;4;5;4;5;4;4;3;5;2;2;2;1;2;4;2;3;2;2;3;2;3;3;2;25,4991319444444
0;0;14;3;2;160;55;4;5;3;4;2;1;2;1;5;5;5;1;2;2;1;2;3;1;2;2;2;2;1;2;1;1;2;1;99;99;2;1;99;99;5;1;99;2;2;5;5;5;5;5;5;5;5;5;1;1;1;1;21,484375
1;0;18;4;3;191;119;3;3;3;4;5;2;5;5;5;5;5;5;4;4;5;4;4;4;5;4;4;4;3;3;3;3;4;2;4;4;4;4;4;5;4;4;4;2;2;5;5;3;2;3;4;2;4;5;3;1;4;4;32,6197198541707
0;1;15;3;5;166;80;3;2;1;1;5;2;5;5;4;5;5;5;3;2;3;2;3;2;2;1;2;2;2;2;2;2;2;4;2;2;5;1;2;1;1;5;4;2;2;4;5;5;4;3;4;4;4;4;3;1;2;1;29,0317898098418
1;1;15;3;3;158;45;3;1;3;3;3;2;4;1;1;1;1;1;5;5;4;5;3;5;3;5;4;5;3;3;3;3;3;1;1;1;1;1;1;1;1;1;1;2;2;2;2;2;4;2;2;4;2;4;2;1;3;2;18,0259573786252
1;1;18;4;4;169;80;3;4;5;3;3;2;2;5;5;5;5;5;4;3;5;3;3;2;2;3;4;4;3;3;3;3;4;3;1;2;4;3;3;2;2;4;2;2;2;5;5;4;4;5;2;4;3;2;1;2;2;99;28,0102237316621
0;0;17;5;2;172;63;2;5;2;2;4;2;3;3;4;3;4;4;1;1;3;3;1;2;2;1;1;1;2;3;1;2;2;4;4;5;4;2;4;4;2;4;4;2;99;3;3;3;3;3;3;3;3;3;2;2;2;2;21,295294753921
0;1;13;3;2;157;45;1;1;1;1;2;1;2;1;1;1;1;1;4;4;4;4;5;4;5;5;4;5;4;3;2;2;4;1;1;1;2;1;1;1;1;1;1;2;2;1;1;1;5;99;1;2;99;2;99;99;3;3;18,2563187147552
1;1;13;3;2;160;80;2;1;2;2;3;2;3;3;3;4;4;3;4;3;5;5;4;4;3;4;5;4;3;3;4;4;4;1;1;1;3;1;3;1;1;2;1;2;2;3;4;2;4;3;4;4;2;4;2;1;3;4;31,25
0;0;18;5;4;170;85;5;5;4;4;5;2;5;1;2;3;2;1;1;2;3;1;3;1;3;3;3;3;2;1;3;3;1;1;2;3;5;1;1;2;1;2;1;2;2;4;4;3;4;4;4;4;4;4;2;1;4;3;29,4117647058824
1;0;16;3;4;169;68;2;1;3;2;3;1;1;2;2;1;2;2;3;2;2;3;3;3;1;2;2;2;4;4;4;3;3;1;3;1;4;2;4;5;2;3;5;2;2;2;1;1;2;3;3;2;3;3;2;1;2;3;23,8086901719128
1;0;17;2;4;180;70;2;2;1;2;5;4;3;2;3;2;3;1;3;3;2;2;2;3;2;3;4;3;2;2;1;2;1;5;4;4;4;4;4;3;5;3;3;2;2;5;4;2;3;3;3;3;3;4;2;2;2;2;21,6049382716049
0;0;16;3;3;176;60;3;3;3;3;5;4;4;2;3;1;1;3;3;3;2;1;2;3;3;1;3;3;2;2;2;2;2;1;1;2;3;2;1;3;1;1;1;2;2;1;2;5;3;3;2;3;1;3;2;2;2;3;19,3698347107438
1;0;18;4;1;183,5;65;3;2;3;2;5;2;5;4;3;1;2;2;5;5;5;5;5;5;5;5;5;3;2;2;2;3;3;1;1;1;1;1;1;1;1;1;1;2;2;1;1;2;1;3;1;1;1;1;3;1;2;3;19,3037293320167
1;1;16;4;2;167;60;3;2;2;3;4;2;4;4;5;5;5;4;2;2;3;2;4;2;3;3;3;3;3;3;2;2;3;2;2;2;2;4;3;4;1;2;2;2;2;2;4;4;3;4;5;4;3;5;2;1;3;4;21,5138585105239
1;1;17;2;5;166;55;3;2;3;3;5;2;5;1;2;1;2;1;3;3;3;3;3;2;3;3;2;3;2;2;3;2;3;2;2;2;2;2;2;2;2;2;2;2;2;2;3;3;3;2;2;3;2;3;2;2;2;4;19,9593554942662
1;0;15;3;4;170;65;3;2;1;3;3;3;2;2;2;2;1;2;2;3;2;3;3;4;4;3;4;3;2;2;3;3;3;3;4;4;4;2;5;5;2;5;3;99;99;1;1;1;3;3;3;4;2;3;2;2;1;2;22,4913494809689
1;1;16;5;2;175;56;1;1;1;1;4;2;4;1;1;1;1;1;4;5;5;4;5;5;4;5;5;99;4;4;2;4;3;3;3;2;1;3;3;4;3;3;5;2;2;1;1;2;2;3;2;2;5;2;1;4;2;99;18,2857142857143
1;0;18;3;1;173;70;2;2;3;3;5;2;5;2;4;5;4;4;5;4;5;5;5;5;5;5;4;4;4;4;4;2;3;5;5;3;4;1;5;4;4;4;5;2;2;2;2;1;3;1;1;3;1;4;3;4;2;3;23,3886865581877
0;1;16;4;3;166;59;4;4;4;4;4;2;3;3;4;2;3;2;5;4;5;5;4;4;5;5;5;5;3;3;4;3;4;5;4;5;4;5;3;5;5;4;3;2;2;4;2;3;4;3;1;2;1;3;3;2;1;2;21,4109449847583
0;1;15;4;4;166;60;3;1;2;2;1;1;1;3;5;4;4;3;3;2;3;2;3;3;1;2;2;1;2;3;2;2;3;2;4;2;4;3;1;1;2;3;1;2;2;5;5;3;5;3;1;5;3;2;1;1;2;1;21,7738423573813
1;1;16;3;3;160;76;3;2;3;2;4;2;4;5;5;4;5;5;1;1;2;1;1;1;3;2;1;2;2;2;4;2;2;5;4;5;5;2;4;5;2;5;4;2;2;5;2;5;1;99;3;4;99;3;4;1;3;4;29,6875
1;1;14;5;5;150;40;4;4;4;4;2;2;2;4;4;3;4;3;3;3;3;3;3;1;3;3;2;3;3;3;3;3;3;5;5;5;5;5;5;5;5;5;5;2;2;5;5;1;1;1;5;1;5;1;4;4;4;4;17,7777777777778
0;1;15;4;4;162;48;3;1;3;2;5;5;5;2;3;3;2;1;99;99;4;4;2;4;99;4;4;3;3;3;2;2;99;1;2;1;99;1;1;1;1;2;1;2;2;2;2;3;2;2;3;2;2;2;2;2;3;1;18,2898948331047
0;0;16;4;5;180;60;5;5;2;1;5;2;5;3;3;3;3;3;3;3;2;3;3;1;1;2;1;1;2;2;1;3;1;1;1;3;3;1;3;3;1;3;3;2;2;1;1;3;5;3;1;5;1;5;1;1;2;1;18,5185185185185
1;0;16;3;1;182;65;2;1;3;2;1;1;1;1;1;1;1;1;3;5;99;3;2;3;1;5;99;4;3;2;2;3;3;1;1;1;1;2;1;2;1;1;1;2;2;1;1;3;2;3;1;5;3;2;99;99;2;99;19,6232339089482
0;1;18;4;3;169;63;5;5;5;5;4;2;3;4;4;5;5;4;5;3;5;3;4;4;5;3;3;3;2;2;3;2;2;5;5;5;5;5;5;5;5;5;5;2;2;5;5;4;4;5;5;4;1;5;4;1;3;99;22,0580511886839
0;0;15;3;3;175;62;2;1;2;2;2;2;2;2;4;2;3;2;3;99;4;3;2;2;3;2;3;2;2;2;2;99;99;1;1;2;3;2;1;1;1;1;1;2;2;3;3;3;2;3;3;3;2;3;2;2;2;4;20,2448979591837
0;1;18;4;3;164;61;5;5;4;5;5;2;5;4;5;5;5;4;2;2;2;1;2;2;2;2;2;1;1;1;2;1;2;5;5;5;4;4;5;4;5;5;4;2;2;4;5;5;4;5;4;4;5;4;3;1;3;3;22,6799524092802
1;1;16;4;5;164;50;5;3;5;3;5;2;4;4;5;4;5;4;5;5;5;5;4;4;5;5;4;4;3;3;4;3;4;2;4;4;5;1;3;1;2;5;2;2;2;3;1;2;2;3;1;1;1;1;4;2;3;4;18,5901249256395
1;1;14;2;1;163;52;2;1;2;2;1;1;1;2;3;1;1;2;5;5;5;5;4;5;4;5;5;4;4;4;4;4;4;1;1;1;2;1;1;1;1;1;2;2;2;1;1;1;1;1;1;5;1;5;2;4;1;4;19,5716812826979
1;0;15;2;2;178;63;1;1;1;1;4;2;4;1;1;1;1;1;3;3;3;4;3;4;2;4;5;4;3;3;3;3;4;1;1;1;1;1;1;1;1;1;1;2;2;1;1;1;1;99;1;1;1;1;2;3;2;4;19,8838530488575
0;1;14;2;3;168;57;2;1;2;4;5;2;4;1;1;1;1;1;4;5;5;5;4;5;4;5;5;5;3;4;4;4;4;4;1;3;5;1;4;5;2;1;2;2;2;1;1;1;5;3;3;5;3;2;4;3;4;3;20,1955782312925
1;1;13;2;2;163;67;1;1;1;1;3;2;3;2;2;2;2;1;5;5;5;5;5;5;5;5;5;5;4;4;4;4;4;4;3;2;4;3;4;4;4;4;3;2;2;2;2;1;1;1;2;1;2;1;3;2;2;3;25,2173585757838
1;0;13;3;1;170;48;2;1;2;1;4;2;3;1;1;1;1;1;1;4;5;4;2;4;3;1;5;4;3;3;3;4;4;1;1;1;3;1;1;1;1;1;1;2;2;1;1;1;1;1;1;1;1;1;3;1;3;4;16,6089965397924
1;0;15;2;2;172;65;1;1;1;1;3;2;3;1;1;1;1;1;4;4;4;4;4;4;4;4;4;4;4;4;4;4;4;3;3;3;3;3;3;3;3;3;3;2;2;2;2;2;2;2;2;2;2;4;2;3;2;4;21,9713358572201
0;0;13;3;2;160;50;3;2;3;3;5;5;5;3;3;3;3;4;1;2;2;3;1;2;3;1;2;1;1;1;2;2;2;3;2;2;5;3;3;2;2;4;4;2;2;5;4;4;4;4;3;4;3;3;3;1;2;1;19,53125
1;0;15;3;5;185;60;3;1;3;4;3;5;2;4;5;3;3;4;5;5;5;4;4;5;4;4;5;3;3;4;3;2;4;4;5;4;5;2;5;2;5;5;5;2;2;2;1;1;2;2;1;5;1;5;3;3;3;2;17,5310445580716
0;1;13;3;4;161;49;3;4;4;3;1;1;1;1;1;1;1;1;4;3;4;3;4;3;4;3;4;3;3;3;3;3;3;2;4;1;3;1;2;2;3;3;3;2;2;3;3;2;3;4;4;3;4;3;2;3;2;2;18,9035916824197
1;0;16;2;2;192;80;4;5;4;3;5;2;5;3;5;5;4;3;5;5;5;5;3;5;5;1;5;5;3;4;4;4;4;1;1;1;5;1;5;1;1;5;1;2;2;1;1;1;5;1;1;2;5;2;2;3;2;4;21,7013888888889
0;1;14;4;4;165;59;3;3;3;3;4;4;4;2;2;2;3;3;3;3;2;3;4;4;4;3;2;2;3;99;99;4;3;3;5;5;3;5;3;5;4;5;4;1;1;4;3;2;3;2;3;2;3;2;4;3;99;4;21,6712580348944
0;1;13;2;2;158;47;1;1;1;1;3;1;3;1;1;1;1;1;5;5;5;5;5;5;5;5;5;5;4;4;4;4;4;1;1;2;5;2;1;1;1;2;1;2;2;1;1;1;1;2;3;1;1;1;3;3;3;4;18,8271110398974
0;0;15;1;1;171;53;2;1;2;2;1;1;2;1;1;1;1;1;4;4;99;4;2;5;3;2;4;99;4;4;3;3;99;1;1;1;99;1;1;1;1;1;2;2;2;1;1;1;99;99;5;3;1;3;2;2;1;3;18,1252351150781
1;0;16;4;1;175;62;1;1;1;1;5;1;5;5;5;5;5;1;5;5;5;5;5;5;5;5;5;1;2;4;3;4;4;5;4;1;5;1;5;4;5;5;1;2;2;1;1;2;1;4;1;5;1;5;2;1;2;4;20,2448979591837
1;0;16;3;3;175;86;1;1;1;2;1;1;1;4;5;5;5;3;2;3;2;2;2;2;2;1;2;1;2;2;2;2;2;4;3;3;4;3;3;2;2;4;2;2;2;5;4;4;5;5;5;5;5;5;3;1;2;4;28,0816326530612
0;1;18;3;3;168;49;4;1;2;4;5;3;3;1;4;3;1;1;4;4;4;4;4;4;4;4;4;4;3;3;3;3;3;1;1;3;1;1;1;1;1;1;1;1;2;1;1;1;1;1;1;1;1;1;3;3;3;4;17,3611111111111
0;0;13;3;3;150;35;3;2;3;2;4;2;3;4;4;3;4;5;3;4;4;3;3;4;3;2;4;3;3;4;4;4;4;3;2;1;2;1;2;2;2;2;2;2;2;1;1;2;2;2;2;2;1;2;3;2;2;2;15,5555555555556
1;0;13;3;4;152;50;3;3;3;4;3;3;3;5;4;4;5;4;5;4;5;4;5;4;5;4;4;4;3;3;3;3;3;4;2;5;5;4;4;2;2;4;5;2;2;4;4;4;4;4;3;4;3;3;4;1;4;4;21,6412742382271
1;1;13;3;2;152;40;4;99;2;3;1;1;1;3;2;3;1;3;5;4;5;5;4;5;4;5;5;5;4;3;3;2;3;1;2;1;3;2;1;1;1;1;1;2;2;1;1;1;2;1;1;5;1;5;2;3;2;99;17,3130193905817
1;1;15;3;3;162;52;2;1;3;2;1;1;1;1;1;1;1;1;5;5;5;5;4;5;5;5;5;5;4;4;4;4;4;1;2;1;1;5;1;1;1;2;1;2;2;1;2;1;1;1;1;1;2;1;1;2;2;4;19,8140527358634
1;1;15;3;3;175;55;3;3;3;3;5;3;3;4;2;4;2;4;5;5;5;5;5;5;5;5;5;5;3;3;3;3;3;4;4;4;4;4;4;4;4;4;4;2;2;2;2;2;2;2;2;2;2;2;2;2;2;2;17,9591836734694
0;0;15;3;2;170;65;2;2;2;2;4;2;4;5;5;4;5;5;4;2;3;3;4;3;4;2;4;3;3;3;3;3;3;2;4;2;4;4;1;1;3;5;2;2;2;2;1;4;3;3;2;4;2;4;2;2;2;1;22,4913494809689
1;0;18;3;2;170;60;1;1;2;3;3;2;3;1;1;3;1;99;99;99;2;3;4;4;99;99;4;3;3;2;2;2;2;1;1;1;1;1;1;1;1;1;1;2;2;1;1;2;5;5;1;5;1;5;2;4;2;4;20,7612456747405
0;0;13;3;2;165;55;3;1;3;3;3;3;3;5;5;5;5;5;3;3;3;3;3;3;3;3;3;2;2;3;3;2;3;4;5;5;4;4;4;4;4;5;4;2;2;5;5;5;5;4;5;5;2;5;4;1;3;3;20,2020202020202
1;0;16;3;3;170;56;2;1;4;3;1;1;1;1;1;1;1;1;5;5;5;5;5;5;5;5;5;5;4;4;4;4;4;1;1;1;1;1;1;1;1;1;1;2;2;1;1;1;1;1;1;1;1;1;2;3;3;3;19,3771626297578
1;0;13;1;1;168;46;1;1;1;1;4;4;4;1;1;1;1;1;5;5;5;5;5;5;5;5;5;5;4;4;4;4;4;1;1;1;1;1;1;1;1;1;1;2;2;1;1;5;5;5;1;5;1;5;2;2;2;2;16,2981859410431
0;0;14;2;4;184;99;3;3;3;3;3;2;4;3;3;5;5;3;2;2;3;2;2;3;2;3;3;1;2;2;2;99;99;1;1;3;99;4;3;3;1;1;3;2;2;3;5;4;3;99;5;99;5;4;2;1;2;3;29,2414933837429
0;0;17;4;2;179;76;3;2;3;3;5;2;5;4;4;4;4;4;5;4;5;5;5;5;5;4;5;4;4;4;4;4;4;4;3;4;2;3;2;2;2;3;3;2;2;4;1;2;4;1;1;2;1;2;3;2;3;4;23,7196092506476
0;1;15;4;4;170;60;2;1;4;3;4;2;5;1;1;99;2;1;5;5;3;5;5;5;5;5;5;4;4;4;4;4;4;1;1;1;1;3;3;1;1;1;1;2;2;1;1;1;2;1;1;2;1;1;3;3;3;4;20,7612456747405
1;0;13;4;5;165;55;3;2;3;3;3;2;3;1;1;1;1;1;5;4;5;5;2;5;3;5;4;5;4;4;4;4;4;3;2;3;3;4;3;3;2;3;3;2;2;2;2;2;4;2;2;4;2;2;2;1;2;3;20,2020202020202
0;0;17;2;2;178;68;4;2;3;4;4;2;4;1;2;1;1;1;5;5;5;5;4;5;4;5;5;5;4;3;4;4;4;3;3;4;2;4;3;2;1;3;4;2;2;1;2;2;1;1;1;4;1;3;1;1;1;1;21,4619366241636
0;1;18;3;2;162;70;4;2;4;4;5;2;5;3;2;4;3;3;5;5;5;5;5;5;5;5;4;5;4;4;4;4;4;1;2;2;4;3;1;2;2;1;1;2;2;4;3;1;3;2;2;1;3;2;4;2;3;3;26,6727632982777
0;0;13;3;2;142;46;2;3;2;2;2;1;2;4;4;5;2;3;3;3;2;3;2;3;4;2;3;3;3;3;2;3;2;2;1;3;3;2;2;2;1;1;1;2;2;5;3;3;4;4;4;2;3;3;3;1;2;3;22,8129339416782
1;1;15;4;3;168;55;4;3;3;3;3;1;2;4;4;3;3;4;4;4;4;4;5;4;5;4;4;4;3;3;3;3;3;5;5;5;5;5;5;5;4;4;4;2;2;4;4;3;3;2;2;3;2;4;3;2;3;4;19,4869614512472
0;0;16;3;2;178;72;2;1;2;1;2;1;2;1;1;1;1;1;5;5;5;5;5;5;5;4;5;5;4;4;4;4;4;1;1;1;1;1;1;1;1;1;1;2;2;1;1;1;5;1;1;1;1;1;2;3;2;3;22,7244034844085
0;0;18;1;1;180;65;1;1;1;3;3;1;3;1;1;1;1;1;5;5;5;5;5;5;5;4;5;5;4;4;4;4;4;1;1;1;1;1;1;1;1;1;1;2;2;1;1;1;1;1;1;5;1;5;3;2;3;2;20,0617283950617
1;1;17;4;5;168;73;5;5;5;5;5;2;5;5;5;5;5;4;1;2;1;2;4;2;1;2;1;3;1;2;2;2;1;5;5;5;5;5;4;5;4;5;4;2;2;5;5;5;5;3;2;5;3;2;3;1;4;3;25,8645124716553
1;1;18;4;4;175;90;5;5;5;5;5;2;5;3;5;5;5;2;2;2;2;2;4;2;1;1;1;1;2;2;2;2;2;4;5;4;4;4;4;5;5;5;4;2;2;5;5;5;1;5;5;2;5;2;3;1;3;3;29,3877551020408
1;1;13;3;3;154;48;2;1;2;1;1;1;1;1;2;1;1;1;4;3;4;3;3;3;4;2;3;3;3;3;2;2;3;2;1;3;4;3;3;2;1;2;2;2;2;2;1;2;3;3;1;5;1;3;2;1;3;3;20,2395007589813
1;0;16;3;3;175;60;3;3;2;3;1;1;1;1;1;1;1;1;5;5;5;5;5;5;4;5;5;5;4;4;4;3;4;1;1;1;1;1;1;1;1;1;1;2;2;1;1;1;1;1;1;1;1;1;1;2;3;3;19,5918367346939
1;1;13;1;3;170;70;3;1;2;1;4;2;4;1;1;3;1;1;5;4;5;5;5;5;5;4;5;5;4;3;4;4;4;3;1;1;3;1;1;1;1;1;1;2;2;4;3;4;3;2;1;3;1;2;2;1;4;4;24,2214532871972
0;1;15;2;1;179;63;3;1;2;3;1;1;1;1;1;1;1;1;5;5;5;5;4;5;5;4;5;3;4;4;4;4;4;1;1;1;5;1;1;1;1;1;3;2;2;1;1;1;1;1;1;1;1;1;2;3;3;4;19,6623076683
1;1;14;2;2;172;44;2;1;1;1;5;5;5;1;1;1;1;1;5;5;5;5;5;5;4;5;5;4;4;4;4;3;3;1;1;2;4;2;2;1;1;1;99;2;2;1;1;1;1;1;2;2;2;2;3;3;4;4;14,8729042725798
1;0;17;4;1;182;65;3;2;3;3;5;2;5;2;4;4;3;2;4;3;3;3;4;4;3;4;3;2;3;3;3;2;3;2;1;1;1;1;3;1;1;1;1;2;2;1;2;2;2;4;1;3;3;3;3;1;2;4;19,6232339089482
0;0;13;3;3;165;63;5;3;3;2;4;2;2;5;4;5;5;5;2;2;4;3;3;3;3;2;3;1;2;2;2;3;2;3;5;5;5;5;4;4;4;5;3;2;2;5;5;4;4;3;4;2;3;3;3;1;3;4;23,1404958677686
1;1;16;4;3;181;70;5;3;5;5;5;3;4;5;5;4;5;5;2;3;2;3;3;3;2;3;3;3;2;2;3;3;2;1;3;3;4;3;2;4;2;4;2;2;2;3;5;4;3;4;2;4;1;3;4;3;4;3;21,3668691431885
0;1;13;1;1;166;65;1;1;1;1;1;1;1;1;1;1;1;1;5;5;5;5;3;5;5;5;5;4;4;4;4;4;4;2;1;1;4;3;2;1;1;1;1;2;2;1;1;1;1;1;1;1;1;1;3;2;4;3;23,5883292204964
0;0;15;4;4;185;75;2;1;1;1;5;2;5;2;4;5;4;2;5;5;5;5;5;5;5;5;5;5;4;4;4;4;4;4;2;2;2;2;5;4;4;4;4;2;2;1;1;4;1;1;1;4;1;1;4;4;1;3;21,9138056975895
0;1;16;3;1;165;54;1;1;2;1;3;1;2;1;1;1;1;1;5;5;5;5;3;5;5;5;5;99;4;4;4;4;4;2;2;2;2;1;2;2;1;2;2;2;2;2;2;1;1;1;2;1;2;1;2;99;3;3;19,8347107438017
0;1;18;4;3;164;61;5;3;4;4;5;2;4;4;5;5;5;4;2;2;2;2;3;2;2;2;3;1;2;1;1;2;2;5;5;5;4;5;4;5;5;5;4;2;2;4;5;4;4;5;4;4;4;4;3;1;2;3;22,6799524092802
1;0;14;2;1;180;56,7;1;1;1;1;4;2;4;4;1;4;4;4;3;3;4;2;4;3;2;99;3;3;2;2;2;3;4;1;1;1;1;1;3;2;1;1;4;2;2;1;1;3;2;5;1;2;1;2;2;1;2;3;17,5
1;1;17;3;3;165;60;3;1;3;3;2;1;2;1;1;1;1;1;4;3;4;4;3;3;4;3;4;4;4;4;4;4;4;2;3;2;3;1;1;3;2;3;2;1;2;1;1;2;2;2;1;5;1;5;2;2;3;4;22,038567493113
1;1;13;3;4;154;36;1;2;2;3;3;2;3;1;2;1;1;1;5;5;5;4;3;5;3;4;4;5;3;4;4;2;4;2;2;1;1;1;2;1;1;1;2;2;2;1;1;1;2;1;1;2;1;2;4;3;4;4;15,179625569236
0;0;16;4;5;177;55;3;2;3;2;3;2;3;4;4;1;4;3;5;5;5;4;5;5;4;5;5;5;4;4;4;3;2;4;4;5;4;5;3;4;3;2;3;2;2;1;1;2;3;2;1;5;1;5;2;1;3;1;17,5556193941715
1;1;15;4;3;163;41;5;5;3;4;5;2;4;5;4;3;5;5;2;2;3;1;2;2;3;1;2;3;2;1;2;2;2;5;5;4;5;4;5;5;5;5;5;2;2;3;4;5;2;5;4;2;1;2;3;2;3;4;15,4315179344349
0;0;18;5;5;181;84;5;5;5;4;5;3;4;5;3;4;5;5;1;3;3;1;2;2;2;99;3;1;2;99;2;2;99;3;3;4;5;3;4;5;2;2;3;2;2;4;3;4;3;3;3;3;3;4;3;2;2;4;25,6402429718263
0;0;15;2;3;170;46;2;1;4;2;4;2;3;3;4;5;4;5;3;4;4;4;3;3;4;3;3;4;3;3;3;3;3;3;3;2;2;4;2;3;1;1;1;2;2;1;1;4;4;3;1;3;1;4;2;1;3;2;15,916955017301
0;1;17;5;5;167;65;5;5;5;5;5;3;5;5;5;5;5;5;2;1;3;2;4;2;2;4;2;2;1;1;2;1;2;5;5;5;5;5;4;4;5;5;5;2;2;5;5;5;4;4;3;4;3;4;4;1;2;4;23,3066800530675
0;1;14;3;3;163;47;5;4;4;5;5;2;3;4;4;3;5;2;5;5;4;5;4;5;4;5;5;5;4;3;2;4;4;3;1;2;4;1;4;3;2;2;1;2;2;1;1;2;3;4;1;5;1;2;99;99;3;4;17,6897888516692
1;0;17;2;2;185;65;1;1;1;1;1;1;1;1;1;1;1;1;5;5;5;5;3;5;5;4;5;5;4;4;4;4;4;1;1;1;1;1;1;1;1;1;1;2;2;1;1;1;1;1;1;1;1;1;1;2;3;4;18,9919649379109
0;0;18;3;3;181;63;3;1;3;3;5;2;5;1;1;1;1;1;5;5;5;5;5;5;5;5;5;5;4;4;4;4;4;1;1;1;1;1;3;1;1;1;1;2;2;1;1;1;5;1;1;5;1;5;1;2;1;99;19,2301822288697
0;1;17;2;2;165;55;2;2;3;3;5;2;5;4;4;4;4;3;5;4;5;5;5;5;5;5;5;5;3;4;4;3;4;4;4;4;4;3;2;1;1;1;5;2;2;2;1;2;5;5;1;2;1;5;4;3;3;3;20,2020202020202
0;1;13;3;2;166;82;2;2;3;2;3;2;3;3;3;3;3;3;5;5;5;5;5;5;5;5;5;4;4;4;3;3;4;2;2;2;3;2;2;1;2;2;2;2;99;4;4;2;4;2;2;4;2;2;2;1;2;99;29,7575845550878
1;1;17;4;1;150;45;1;1;1;4;4;2;2;5;5;5;5;5;3;3;3;3;2;3;2;3;3;2;3;2;4;4;3;5;5;5;5;5;5;5;5;5;5;2;2;5;5;1;5;5;5;1;5;5;4;1;4;4;20
1;0;14;3;3;169;55;2;2;2;2;1;1;1;1;2;1;1;1;5;5;5;5;3;5;5;5;5;5;4;4;4;2;4;3;2;3;5;2;3;3;1;3;3;2;2;1;1;1;1;3;1;1;1;1;1;4;2;3;19,2570288155177
0;0;18;3;2;178;52;2;1;3;2;1;1;1;2;4;3;2;2;5;5;5;5;5;5;5;5;5;1;4;4;4;4;4;1;1;1;1;1;1;1;1;2;3;2;2;1;1;1;1;99;1;1;1;1;2;2;3;3;16,4120691831839
1;0;15;3;3;170;55;3;3;3;3;2;1;2;4;4;3;2;4;5;5;5;5;5;5;5;5;5;5;4;4;4;4;4;5;3;1;99;4;1;4;1;3;1;2;2;1;1;1;1;1;1;1;1;1;4;2;4;4;19,0311418685121
0;0;16;3;2;175;80;2;3;2;3;5;3;5;3;1;2;2;2;5;3;4;99;4;4;3;4;5;2;3;4;3;3;4;3;5;2;5;2;5;4;3;4;4;2;2;2;2;2;3;2;1;2;2;2;2;4;3;2;26,1224489795918
1;1;13;2;1;160;70;2;1;1;3;2;1;2;4;4;4;4;2;5;3;4;5;5;5;5;5;5;5;3;3;4;4;4;2;2;1;4;2;4;2;2;2;2;2;2;3;4;1;1;1;4;1;2;2;2;1;2;4;27,34375
0;1;16;3;3;185;120;4;3;2;4;4;3;2;4;3;3;3;4;1;2;4;2;3;2;4;2;3;5;2;2;3;2;2;2;2;1;1;2;2;5;2;2;1;2;2;4;3;4;3;1;4;3;3;3;2;1;3;1;35,0620891161432
1;0;14;3;3;164;58;3;4;4;3;1;1;1;4;5;5;4;4;2;2;2;2;3;1;2;3;2;1;2;2;2;3;2;4;4;4;4;4;3;4;99;4;99;2;2;5;5;4;4;2;3;4;2;3;3;1;3;4;21,5645449137418
1;0;13;3;1;170;55;1;1;1;1;5;3;5;1;1;1;1;1;4;4;4;4;4;5;4;4;4;5;4;4;4;4;4;1;1;1;1;1;1;1;1;1;1;2;2;1;1;1;5;2;1;2;1;2;3;2;2;2;19,0311418685121
0;0;13;3;3;168;49;2;2;2;2;4;4;3;2;1;1;2;1;3;3;3;3;3;3;4;2;3;3;3;3;3;3;3;3;4;3;3;1;1;4;4;2;1;2;2;1;1;2;3;5;1;5;1;5;2;2;3;1;17,3611111111111
0;1;14;4;4;163;68;3;1;4;3;5;2;5;5;5;5;5;5;4;5;4;3;4;3;2;1;5;1;2;2;3;2;2;5;5;5;4;5;5;5;4;5;5;2;2;5;5;3;2;5;2;2;5;2;3;1;4;2;25,5937370619895
0;0;18;3;3;189;82;5;3;5;5;4;2;4;4;1;4;4;4;5;5;3;5;4;5;2;5;5;5;3;4;4;4;4;1;2;1;3;2;3;1;1;1;3;2;2;4;1;2;3;99;4;1;1;4;2;2;1;99;22,9556843313457
0;0;14;3;2;165;45;3;2;3;3;3;1;3;1;2;3;1;1;3;4;3;3;2;3;3;3;4;3;3;2;3;2;3;1;3;1;2;1;1;1;1;2;1;2;2;2;2;2;2;99;2;4;2;4;1;1;1;1;16,5289256198347
0;1;18;5;5;168;68;3;2;5;3;5;3;4;1;1;2;2;1;5;5;3;4;5;5;5;2;4;3;3;3;3;2;4;2;3;4;5;4;3;2;2;3;4;2;2;4;4;2;4;3;4;3;4;3;2;1;2;2;24,092970521542
1;1;16;3;2;163;65;4;2;4;3;4;1;4;5;5;5;5;5;5;3;4;3;4;3;2;2;3;3;3;2;2;2;3;5;5;5;5;5;5;5;4;5;5;2;2;5;4;3;4;2;5;4;3;4;4;1;3;4;24,4646016033724
0;0;17;3;3;181;63;99;1;3;99;5;2;4;1;2;3;1;1;5;5;5;5;5;5;5;5;5;5;4;4;4;4;4;1;1;1;1;1;3;1;1;1;1;2;2;1;1;1;5;1;1;5;1;5;1;99;2;99;19,2301822288697
1;1;17;4;4;154;52;4;3;4;4;5;3;3;5;5;5;5;4;4;2;3;3;4;3;2;2;3;2;2;2;3;3;2;5;5;5;5;5;5;5;5;5;5;2;2;5;5;4;4;3;5;5;2;4;3;1;3;4;21,9261258222297
0;0;17;3;3;180;67;3;3;4;3;99;99;99;4;4;3;4;4;2;2;3;2;3;2;2;2;2;2;2;2;2;3;2;4;4;4;3;4;4;5;4;4;4;2;2;4;4;5;4;4;2;4;4;2;4;1;3;4;20,679012345679
0;1;17;3;3;173;67;4;3;5;4;4;2;4;4;5;5;5;5;4;2;2;3;3;3;2;3;4;3;2;2;2;2;2;5;4;5;5;5;5;5;5;5;5;2;2;4;4;4;2;4;4;2;5;4;4;1;3;4;22,3863142771225
0;1;14;2;2;163;52;2;1;1;2;1;1;1;1;1;1;1;1;5;5;4;5;4;5;5;3;5;4;2;4;3;2;4;2;1;1;1;4;4;1;1;99;4;2;2;2;1;1;1;99;1;99;99;99;2;2;2;3;19,5716812826979
0;1;16;3;5;163;58;5;2;5;5;5;2;4;5;5;5;5;5;5;3;5;3;4;3;3;3;3;3;3;3;4;4;4;5;5;5;5;5;3;5;4;5;4;2;2;3;5;3;2;4;5;3;2;4;4;1;3;4;21,8299521999323
0;1;14;4;3;159;54;4;4;4;4;2;99;2;2;1;1;2;1;5;4;5;4;5;4;5;4;4;4;3;4;4;4;4;1;2;1;1;1;2;1;2;2;2;1;2;1;1;5;5;4;2;4;2;4;4;4;4;4;21,3599145603418
1;0;14;3;3;172;57;5;3;4;4;4;3;4;4;5;4;5;5;3;3;4;3;4;3;4;4;3;3;2;2;4;3;3;5;4;4;4;4;4;5;5;4;4;2;2;1;3;3;5;4;1;5;3;5;3;2;3;4;19,2671714440238
0;0;14;3;1;190;100;1;2;1;3;2;1;2;4;4;4;5;4;5;5;5;4;2;4;4;2;5;4;2;4;4;3;2;3;1;2;5;4;1;2;2;1;4;2;2;5;5;4;4;4;5;5;5;5;2;1;4;4;27,7008310249308
1;1;13;3;1;158;68;1;1;1;1;4;99;3;2;1;5;2;2;5;5;5;5;5;5;5;4;4;4;3;4;4;3;3;2;2;1;2;2;1;2;1;2;1;1;1;3;2;1;1;2;2;1;2;2;2;2;1;3;27,2392244832559
0;1;18;4;3;158;75;4;3;3;3;4;2;3;4;4;4;4;4;3;1;2;1;2;2;2;1;3;2;2;2;2;2;2;4;4;4;2;4;2;3;2;4;4;2;2;5;5;4;4;4;2;4;2;4;3;1;2;3;30,0432622977087
0;1;18;4;2;172;56;4;1;2;2;4;2;4;4;2;4;4;4;5;4;5;4;5;4;5;3;4;3;2;4;4;4;4;5;5;2;5;5;5;5;4;4;5;2;2;4;4;4;1;4;1;4;2;2;3;2;1;3;18,9291508923743
1;1;13;1;1;158;45;2;1;3;1;5;5;5;5;5;5;5;5;2;3;4;5;3;3;4;4;4;4;4;4;4;4;4;2;4;4;4;2;2;4;5;3;3;2;2;2;3;2;1;3;2;3;1;5;3;2;3;3;18,0259573786252
0;0;14;4;3;179;90;4;3;4;4;5;3;3;4;5;5;5;4;2;3;3;2;2;2;3;2;2;2;2;2;2;3;2;3;4;4;4;4;3;4;4;4;4;2;2;5;5;4;4;3;5;4;5;2;4;2;4;1;28,0890109547143
0;0;14;2;1;182;65;2;2;3;3;1;1;1;3;3;3;3;3;4;4;5;4;4;4;5;4;5;4;4;4;4;3;4;1;1;2;3;1;3;1;1;1;1;2;2;1;1;2;1;2;2;2;1;2;99;4;3;3;19,6232339089482
1;1;18;4;3;172;64;4;2;3;3;5;2;5;5;5;5;5;5;2;2;2;2;3;2;2;1;2;3;1;2;2;2;3;5;5;5;5;4;4;4;5;5;3;2;2;5;5;4;4;4;4;4;3;4;4;1;2;4;21,6333153055706
0;1;18;3;3;168;60;3;2;3;3;5;3;3;2;3;2;2;3;5;5;5;5;5;5;5;5;5;5;3;3;3;3;3;3;3;1;1;1;1;3;1;1;4;2;2;1;1;2;5;2;1;5;1;5;2;2;1;2;21,2585034013605
1;0;16;4;2;172;51;3;2;3;3;3;2;3;4;4;3;4;4;4;5;5;5;2;5;4;4;4;5;4;4;3;4;4;1;2;3;3;3;2;1;1;2;4;2;2;1;1;2;3;3;1;5;1;3;4;2;3;4;17,2390481341266
0;0;16;2;1;181;78;1;1;3;1;1;1;1;1;1;1;1;1;4;4;4;4;4;5;5;4;4;3;3;4;3;4;4;1;1;3;3;3;5;1;3;3;3;2;2;1;1;5;5;5;1;5;1;5;99;99;99;99;23,8087970452672
0;0;13;3;2;153;36;3;2;3;2;4;3;2;3;4;5;4;3;99;99;2;2;99;3;99;99;4;1;2;3;2;2;99;1;2;1;4;2;2;2;3;4;3;2;2;1;1;3;5;5;1;5;1;5;2;2;3;2;15,3787004998078
1;1;15;3;3;165;64;99;99;99;99;5;3;5;4;4;4;4;4;2;2;3;2;3;2;2;2;2;2;1;1;2;2;2;1;4;4;2;2;4;2;2;2;4;2;2;4;4;5;4;5;4;4;2;5;3;1;3;3;23,5078053259871
0;1;15;3;4;155;52;2;1;1;2;5;2;4;1;2;1;1;2;3;5;5;3;5;4;4;4;4;4;4;3;3;4;4;3;4;4;4;4;2;2;3;3;2;2;2;2;2;2;4;3;1;3;1;5;4;2;4;4;21,6441207075963
0;0;15;2;2;176;64;2;1;1;2;5;1;5;1;4;5;5;1;5;5;5;5;5;5;5;5;5;5;4;4;4;4;4;1;4;1;5;1;1;1;5;5;1;2;2;1;1;1;1;1;1;1;1;1;2;1;1;2;20,6611570247934
0;1;17;4;2;174;53;3;4;3;3;5;2;5;5;99;4;4;5;2;2;3;2;2;3;2;1;3;1;1;1;2;2;2;5;5;5;4;5;4;5;5;5;1;2;2;2;4;4;4;4;4;1;1;1;4;1;4;4;17,5056150085877
1;1;16;4;3;180;70;5;3;4;4;4;2;4;4;5;5;5;4;3;2;4;3;3;3;1;2;3;1;1;1;3;4;4;4;4;2;4;1;2;4;2;4;2;2;2;4;4;4;2;5;2;2;1;1;4;2;3;4;21,6049382716049
1;1;15;3;3;150;50;4;5;3;1;4;1;1;1;2;2;1;1;4;3;4;4;3;3;2;3;3;4;2;3;3;2;2;3;3;2;1;2;1;1;3;3;2;1;2;2;3;2;2;2;3;2;2;5;2;1;2;1;22,2222222222222
0;1;17;4;5;163;85;5;3;5;4;5;4;5;5;5;5;5;5;2;2;3;3;2;3;2;3;2;3;2;2;2;2;2;4;5;4;4;5;5;5;5;5;4;2;2;4;4;3;4;4;2;4;2;4;3;2;2;3;31,9921713274869
1;0;16;3;2;180;70;1;1;2;3;5;2;3;3;3;3;3;3;5;5;5;5;5;5;5;5;5;5;4;4;4;4;4;3;3;3;3;3;3;3;5;3;3;2;2;1;1;1;1;1;1;3;1;3;2;4;3;4;21,6049382716049
0;0;17;4;3;185;105;4;2;3;3;5;2;3;5;4;4;5;5;3;2;2;3;2;3;4;1;3;2;3;2;2;3;3;4;2;4;3;3;3;4;3;3;3;2;2;4;5;2;4;4;2;4;2;4;4;1;1;1;30,6793279766253
0;0;15;3;3;165;53;3;2;3;3;1;1;1;2;3;3;3;3;4;5;5;4;4;5;4;5;5;4;4;4;4;4;4;1;1;1;4;1;1;1;1;1;3;2;2;3;3;3;3;3;3;3;2;4;2;1;1;3;19,4674012855831
1;1;14;3;3;161;53;5;4;4;5;5;2;5;5;5;5;5;5;3;1;3;2;2;2;3;2;5;1;2;2;3;2;2;5;5;5;5;4;5;4;4;5;5;2;2;4;5;5;4;3;2;1;4;2;4;1;3;3;20,4467420238417
1;1;15;3;3;163;51;2;2;2;3;3;2;2;1;2;2;2;1;5;5;5;5;4;5;4;4;5;4;4;4;4;4;4;1;2;1;99;2;2;1;2;1;2;2;2;1;1;1;3;2;1;2;1;2;2;3;3;4;19,1953027964922
0;1;15;1;1;180;30;1;1;1;1;2;2;2;4;4;3;3;3;5;3;5;3;5;5;5;3;3;3;2;2;2;2;2;4;4;5;5;5;5;5;4;4;4;2;1;3;3;3;2;2;3;3;3;3;2;2;2;2;9,25925925925926
1;0;18;2;1;175;74;2;1;3;2;3;3;3;5;5;5;5;4;2;3;3;3;2;3;2;2;3;2;2;2;3;3;3;4;3;5;2;5;4;5;2;4;4;2;2;5;5;5;5;5;5;5;5;5;4;1;3;4;24,1632653061224
1;0;13;1;1;162;45;3;1;1;1;4;1;1;5;5;1;1;5;5;4;5;5;5;5;5;5;5;5;4;4;2;2;2;1;1;4;4;4;4;4;1;4;1;2;2;1;1;5;2;2;1;2;1;2;4;1;3;1;17,1467764060357
1;0;14;3;1;158;50;1;1;1;1;2;1;2;1;1;1;1;1;5;5;5;5;5;5;5;5;5;5;4;4;4;4;4;1;1;1;5;1;5;1;1;1;1;2;2;1;1;1;1;1;1;1;1;1;2;2;2;2;20,0288415318058
0;0;17;3;2;185;69;1;1;1;1;5;2;3;1;1;1;1;1;5;5;5;5;4;5;5;5;5;5;4;4;4;4;4;1;1;1;4;3;1;1;1;1;1;2;2;1;1;5;1;2;1;1;1;1;2;2;2;2;20,1607012417823
0;0;17;2;2;180;80;2;1;2;2;2;2;2;1;1;1;1;1;4;4;4;3;3;4;3;3;5;3;3;3;3;3;4;1;1;1;2;2;3;4;1;1;1;2;2;1;1;2;2;3;1;2;2;2;3;3;2;3;24,6913580246914
1;1;13;3;3;160;50;1;2;3;3;4;1;4;1;1;1;2;1;5;5;3;5;5;5;5;4;5;4;3;4;3;4;4;3;1;99;5;3;3;1;1;3;3;2;2;4;4;3;5;3;4;2;4;5;4;1;3;3;19,53125
1;0;18;2;2;183;75;1;1;1;2;2;2;2;4;4;4;4;3;5;4;4;5;4;4;4;4;4;4;4;4;4;4;4;4;1;2;2;3;2;4;1;2;1;2;2;1;1;2;1;1;1;2;1;1;4;3;3;4;22,3954134193317
1;0;16;4;3;172;65;3;3;3;3;1;1;1;4;4;4;4;4;3;2;2;2;4;3;3;3;2;2;2;3;3;3;3;5;4;4;4;5;4;4;4;4;5;2;2;1;1;4;2;3;3;4;2;4;3;1;2;3;21,9713358572201
1;0;14;1;4;168;57;1;1;2;1;5;1;5;3;1;4;4;3;5;5;5;5;2;5;5;5;5;5;3;99;2;3;1;1;3;1;3;1;3;1;1;3;1;2;2;1;1;2;5;3;1;5;1;5;1;1;2;3;20,1955782312925
1;1;13;3;3;152;48;4;3;3;3;3;3;3;4;4;4;4;3;4;5;5;5;5;5;4;4;4;3;3;3;3;3;3;4;4;5;4;5;4;3;5;5;4;2;2;4;4;3;1;3;4;2;3;2;3;2;3;3;20,7756232686981
0;0;18;3;3;185;67;2;3;3;3;2;2;2;1;1;1;1;1;5;4;5;4;3;5;5;4;4;2;3;3;1;2;3;1;1;1;4;1;1;1;1;1;1;2;2;1;1;2;2;1;1;2;1;2;1;2;3;2;19,5763330898466
0;0;14;2;1;170;60;2;1;2;1;2;1;1;1;1;1;1;1;5;5;5;5;5;5;5;4;5;5;4;4;4;3;4;1;1;2;5;1;3;1;1;1;2;2;2;1;1;1;1;1;1;1;1;1;99;99;2;3;20,7612456747405
1;1;18;4;2;162;56;4;3;4;5;4;1;5;5;5;5;5;5;3;3;2;3;3;2;3;3;2;2;99;2;2;99;2;5;5;5;5;5;3;4;5;5;5;2;2;5;3;4;3;4;3;3;3;3;4;99;3;4;21,3382106386222
1;0;18;4;5;178;69;4;3;3;4;2;2;2;5;5;5;4;4;2;2;3;3;3;2;2;3;3;3;2;2;2;2;2;4;4;5;4;4;4;3;5;4;4;2;2;5;5;3;4;5;4;4;3;4;3;2;3;4;21,7775533392248
0;1;17;5;5;166;48;4;3;2;3;5;2;5;4;5;4;4;1;4;3;4;3;2;1;3;3;4;2;2;2;2;3;1;1;2;5;2;5;1;2;1;2;1;2;2;3;2;4;2;5;1;4;1;5;3;2;2;3;17,4190738859051
1;1;14;4;3;160;74;3;3;3;3;4;2;4;2;3;5;3;3;3;2;3;1;4;2;2;2;2;2;2;2;2;3;3;4;5;4;3;4;4;4;4;5;4;2;2;5;5;4;4;4;5;4;4;4;3;1;2;2;28,90625
1;0;15;4;3;165;69;3;3;3;3;1;1;1;2;2;3;3;2;5;5;5;5;5;5;5;5;5;5;3;4;4;2;4;2;2;4;5;4;4;2;2;2;4;2;2;3;2;2;2;2;1;2;2;2;2;2;2;2;25,3443526170799
1;0;13;3;2;170;64;3;2;3;2;1;1;1;1;1;1;1;1;4;4;4;4;5;5;5;5;5;4;3;3;4;2;4;3;1;1;1;1;1;1;2;1;1;2;2;1;1;1;5;1;1;1;1;5;1;2;3;4;22,1453287197232
1;1;14;3;3;165;61;3;4;4;2;5;2;2;2;4;2;4;1;2;3;2;3;2;3;2;1;3;3;2;1;1;2;2;3;1;3;1;4;2;1;2;5;3;2;2;4;4;3;4;3;1;3;1;3;2;1;4;3;22,4058769513315
0;1;14;3;2;162;48;2;1;1;2;3;2;3;2;2;1;1;1;4;4;4;4;3;4;3;4;5;4;3;4;4;4;4;1;1;2;3;1;3;1;1;2;3;2;2;1;1;5;2;2;1;2;1;2;2;3;3;99;18,2898948331047
0;0;17;4;3;184;65;4;4;4;4;4;1;4;4;5;3;5;4;2;2;3;2;3;2;2;3;3;2;1;1;2;1;2;4;4;3;3;3;5;3;4;5;5;2;2;2;2;5;3;3;3;3;3;3;3;1;2;99;19,1989603024575
1;1;14;3;4;161;40;3;2;3;2;2;1;2;1;2;1;1;1;5;5;4;5;3;5;4;4;5;5;4;4;2;3;4;3;1;2;5;3;1;1;3;1;1;2;2;2;2;1;1;1;1;3;1;2;2;2;4;3;15,4315034142201
1;1;17;3;2;168;64;5;3;3;4;5;3;5;5;5;5;5;5;3;2;3;2;3;2;3;2;2;2;2;2;2;2;4;5;5;5;5;5;4;4;4;5;3;2;2;4;5;4;2;4;2;3;2;3;2;2;3;4;22,6757369614513
1;0;18;3;3;183;83;3;3;2;3;3;4;5;3;4;3;3;3;5;5;5;5;5;5;5;5;5;4;4;4;4;4;4;3;3;3;3;3;3;3;3;3;3;2;2;3;3;2;2;2;3;3;3;3;4;2;3;4;24,7842575173938
1;0;17;3;4;165;63;2;2;3;2;3;2;2;1;1;1;1;1;4;4;4;4;4;4;4;4;4;4;3;3;3;3;3;2;3;2;3;2;3;2;2;2;3;2;2;2;2;4;2;2;2;2;2;2;1;1;1;1;23,1404958677686
0;0;17;3;2;183;74;1;99;1;99;1;1;1;1;1;1;1;1;5;4;5;5;4;5;5;5;5;5;4;4;4;4;4;1;1;3;5;3;1;1;1;1;1;2;2;1;1;1;1;1;1;2;1;2;3;2;2;3;22,096807907074
0;0;17;3;4;184;102,7;2;2;3;3;1;1;1;99;4;5;5;99;4;4;3;4;2;4;3;2;4;3;2;2;4;4;4;4;3;3;5;1;5;2;2;4;5;2;2;5;5;2;4;5;4;4;5;3;1;1;3;4;30,3343572778828
1;1;17;5;2;165;58;4;1;1;4;4;2;4;1;3;2;1;1;5;4;5;5;2;5;5;5;5;5;4;4;4;4;4;1;4;2;4;1;1;1;1;1;1;2;2;2;2;1;2;1;2;1;1;1;2;2;2;4;21,3039485766759
1;1;14;2;2;175;87;3;3;3;3;3;2;2;5;5;5;5;4;2;2;3;2;3;2;2;2;2;1;1;2;3;4;3;4;4;3;3;3;4;4;4;5;4;2;2;5;5;5;5;5;5;5;5;5;4;1;3;4;28,4081632653061
1;0;13;2;3;156;55;2;1;2;3;5;2;4;4;3;5;4;4;5;4;4;3;4;5;4;4;5;3;4;4;3;3;3;1;2;3;4;2;2;1;2;4;4;2;2;3;2;3;2;3;3;2;2;2;4;1;4;4;22,6002629848784
0;0;17;5;2;185;104;3;3;3;3;5;2;3;5;5;4;5;4;2;2;4;3;2;3;3;2;4;3;1;2;2;3;3;2;4;3;99;4;4;5;5;4;4;2;2;5;5;4;5;3;3;4;3;2;2;1;3;2;30,3871439006574
0;0;14;3;1;168;55;2;2;2;2;3;2;3;1;1;1;1;1;5;4;99;5;5;5;99;5;5;3;4;4;99;3;99;1;1;1;4;1;1;1;2;2;1;2;1;1;1;1;5;5;3;3;3;5;2;1;4;2;19,4869614512472
0;0;13;3;3;155;51;2;1;2;2;3;1;3;3;4;3;3;2;4;4;5;5;4;5;4;5;4;4;3;3;3;3;3;3;2;1;3;3;1;1;1;1;1;2;2;1;1;2;2;99;1;2;1;2;2;1;1;1;21,2278876170656
1;1;15;5;3;166;51;4;3;4;4;4;2;4;4;5;5;3;5;4;4;4;4;4;4;5;5;4;5;2;3;3;3;2;5;4;4;5;3;4;5;5;2;2;2;2;2;4;3;2;4;2;4;1;1;2;2;1;4;18,5077660037741
0;0;18;2;3;190;75;1;3;2;2;5;5;5;1;1;1;1;1;4;4;5;4;5;5;3;1;5;3;3;4;4;3;3;2;2;1;3;1;3;4;2;2;2;2;2;1;1;1;2;3;2;3;1;4;2;2;3;3;20,7756232686981
1;1;15;3;4;171;63;1;1;1;1;2;4;4;5;4;4;3;5;3;3;5;3;5;5;3;4;3;5;4;4;4;4;4;3;2;2;4;2;3;2;2;4;2;2;2;4;2;3;3;3;4;2;3;3;1;1;1;1;21,5450907971684
0;0;17;4;4;182;62;4;4;4;4;5;3;5;2;2;2;2;2;5;4;5;5;4;4;4;5;5;4;4;4;4;4;4;3;5;5;1;3;3;3;4;3;3;2;2;3;2;2;5;4;5;5;2;1;2;4;1;3;18,7175461900737
0;0;16;3;3;189;101;3;2;3;3;2;2;2;4;3;4;4;4;3;4;5;4;4;4;4;3;4;3;3;3;4;4;4;3;4;5;4;4;5;4;4;4;4;2;2;4;4;3;5;5;1;5;2;3;2;2;1;1;28,2746843593404
1;0;17;4;3;176;84;4;4;4;3;2;1;2;3;4;4;4;2;3;3;4;3;3;3;2;2;4;3;2;2;3;2;2;4;4;5;4;4;5;4;4;4;4;2;2;4;4;3;3;3;3;3;3;3;2;1;2;2;27,1177685950413
0;0;16;4;2;175;60;2;2;2;3;5;4;3;3;4;4;4;3;5;4;4;5;5;4;5;5;5;4;4;4;4;4;4;2;4;3;4;4;4;3;3;2;4;2;2;2;1;1;5;1;1;2;1;2;3;4;3;4;19,5918367346939
0;1;15;4;3;162;50;3;2;3;3;5;3;5;4;1;3;1;2;4;3;5;5;5;5;4;4;5;5;3;3;4;3;4;5;4;3;4;5;4;4;3;2;2;2;2;1;4;3;2;3;4;2;3;3;4;3;4;1;19,0519737844841
1;1;17;3;2;156;51;1;1;3;3;5;2;5;1;5;5;1;1;5;4;5;4;4;4;5;4;4;4;4;4;4;4;4;5;5;4;5;4;4;5;2;5;1;2;2;3;5;2;2;2;2;5;3;2;4;2;4;4;20,956607495069
1;0;14;2;1;170;60;1;1;1;1;1;1;1;5;4;1;1;1;5;5;5;5;5;5;5;5;5;4;4;4;4;4;4;1;1;2;5;1;2;1;1;1;2;2;2;1;1;1;5;5;1;5;1;5;2;4;4;4;20,7612456747405
1;0;18;4;3;178;73;3;3;4;3;5;2;4;4;3;4;4;2;4;4;5;4;3;4;4;4;4;3;3;3;3;3;2;4;4;3;4;4;4;5;5;4;4;2;2;3;2;3;3;2;2;4;2;2;3;2;2;3;23,0400201994698
1;0;13;3;3;185;85;1;1;2;2;1;3;2;3;2;2;1;1;4;5;1;1;3;5;3;4;2;2;2;1;99;3;2;3;3;2;1;3;3;5;5;3;2;2;2;1;2;3;4;3;2;2;2;1;2;3;3;2;24,8356464572681
1;1;16;2;2;166;59;3;1;1;2;5;2;5;2;2;3;4;2;5;5;5;5;4;5;4;4;5;5;4;4;4;4;4;3;2;2;4;1;2;2;1;1;1;2;2;2;4;1;5;1;1;4;1;1;3;3;2;4;21,4109449847583
0;1;18;3;4;160;67;3;2;4;3;5;3;5;5;5;5;5;5;3;4;4;3;3;2;3;2;3;3;2;2;4;3;2;4;5;5;5;2;4;5;5;5;4;2;2;4;5;3;4;2;2;4;4;2;4;1;3;2;26,171875
0;1;18;2;2;174;62;2;1;2;3;5;2;5;4;3;4;4;4;5;4;4;5;4;4;4;5;5;4;3;3;3;2;3;2;2;2;1;3;3;4;2;4;3;2;2;4;4;1;3;1;4;3;2;3;2;1;3;2;20,4782666138195
1;0;16;3;3;172;70;3;3;3;3;3;2;3;4;4;4;4;4;2;2;3;2;2;3;2;2;3;2;2;3;2;3;3;4;4;3;5;4;4;4;3;4;4;2;2;2;2;3;3;3;4;3;3;3;4;2;3;3;23,6614386154678
1;1;15;2;2;166;58;3;1;3;2;4;2;4;3;4;2;2;2;5;4;5;5;5;5;5;5;4;4;3;4;3;4;3;4;4;3;5;3;3;4;4;4;3;2;2;4;2;2;3;1;1;2;2;2;3;3;3;4;21,0480476121353
1;1;13;3;3;168,5;56,5;4;3;4;4;5;2;4;1;3;1;1;1;5;4;5;5;4;5;4;3;5;4;3;3;4;4;3;4;2;4;3;4;3;2;3;2;1;2;2;1;2;2;4;2;1;4;1;4;3;3;3;4;19,8997965994241
1;0;17;5;2;183;60;4;3;5;4;5;2;5;1;1;1;1;1;4;4;5;4;2;4;5;5;5;4;3;3;3;3;4;2;2;3;2;3;1;2;4;3;1;2;2;1;1;2;1;3;1;1;1;4;1;1;2;2;17,9163307354654
1;1;13;4;4;162;47;3;1;4;1;2;2;99;4;5;99;5;5;99;3;3;99;4;3;2;2;3;1;2;99;2;2;2;5;4;99;5;5;4;5;5;5;4;2;1;5;2;3;4;1;3;3;1;1;4;1;2;3;17,908855357415
0;0;13;3;4;148;33,5;3;3;3;3;3;2;3;3;1;3;3;1;5;5;4;5;3;5;5;5;5;99;3;3;3;2;3;1;1;3;1;3;99;1;1;1;1;2;2;1;1;1;5;5;1;5;1;5;2;2;2;4;15,2940102264427
1;0;15;3;3;174;55;2;1;3;1;1;1;1;1;1;1;1;1;5;5;5;5;3;5;3;5;5;5;4;4;4;4;4;1;1;1;5;1;3;1;1;1;1;2;2;1;1;1;5;1;1;5;1;5;1;1;4;4;18,1662042541947
1;1;14;3;3;165;52;2;2;2;3;1;1;1;3;2;2;3;3;3;2;3;3;3;2;2;3;2;1;2;2;2;3;2;3;2;2;3;3;3;2;4;3;3;2;2;2;3;2;3;3;2;4;3;3;2;3;2;2;19,1000918273646
1;0;15;3;4;163;65;2;1;3;4;4;2;4;1;1;1;1;1;4;4;4;4;4;4;4;4;4;3;3;3;3;3;3;1;1;1;4;2;2;1;4;4;1;2;2;3;3;1;99;99;99;2;99;99;2;2;4;4;24,4646016033724
0;1;13;4;3;165;50;4;2;3;4;5;1;5;3;4;1;3;4;4;4;4;3;2;3;3;2;4;1;2;2;2;2;2;4;4;5;4;5;4;4;4;4;4;2;2;2;2;2;3;2;2;2;3;3;3;2;4;4;18,3654729109275
0;0;14;3;2;182;82;2;1;2;2;3;2;2;2;2;3;2;2;5;5;5;5;5;5;5;5;5;5;4;4;4;4;4;3;2;3;5;3;3;3;2;2;2;2;2;2;3;1;1;1;2;1;2;1;3;3;3;3;24,7554643159039
1;1;14;3;2;155;36;2;1;1;1;3;2;3;1;2;1;1;2;4;3;5;4;2;5;3;5;5;4;4;4;3;4;3;3;4;2;5;2;2;2;3;3;2;2;2;1;1;4;1;2;2;1;1;1;3;3;2;3;14,9843912591051
1;0;15;2;1;165;63;1;1;2;1;1;1;1;2;2;1;2;2;5;5;5;5;5;5;5;5;5;5;4;4;4;4;4;2;1;2;3;1;2;2;2;1;1;2;2;1;1;1;1;1;1;1;1;1;2;3;1;99;23,1404958677686
0;0;14;3;3;180;60;2;1;2;1;4;2;4;4;4;4;4;4;4;4;4;4;5;4;5;4;4;4;3;3;3;3;3;3;3;3;4;2;3;3;3;2;3;2;2;1;1;2;2;2;1;2;1;2;3;3;2;2;18,5185185185185
0;1;16;3;3;175;65;4;4;4;4;4;2;4;5;5;5;5;5;3;2;4;4;4;4;4;4;2;1;3;3;3;3;3;4;4;4;4;4;4;4;4;4;4;2;2;4;4;4;4;4;2;4;2;4;4;2;2;3;21,2244897959184
0;1;18;3;4;158;51;4;1;2;3;4;2;4;1;2;1;2;1;5;5;4;5;3;5;5;4;5;4;4;4;4;3;4;1;2;1;3;2;3;2;3;3;2;2;2;1;1;1;1;2;3;1;3;1;2;2;3;3;20,4294183624419
0;1;16;3;4;152;50;4;4;3;3;3;2;3;4;5;5;5;3;2;2;3;2;3;2;2;3;1;2;2;2;2;2;2;4;2;4;4;5;3;4;3;5;2;2;2;5;2;4;4;3;2;2;2;2;2;1;3;3;21,6412742382271
0;0;16;4;2;186;75;1;1;1;2;5;1;2;1;1;1;1;1;5;5;5;4;4;5;3;4;4;4;4;4;4;4;4;2;1;1;4;1;2;2;1;1;2;2;2;1;1;1;2;2;2;2;2;2;2;2;1;1;21,6788067984738
1;1;16;5;2;153;44,1;5;3;4;5;5;2;5;3;5;4;4;2;2;2;4;2;1;2;2;5;1;3;2;2;2;2;3;4;5;5;3;5;3;4;4;5;5;2;1;2;1;3;5;2;1;5;1;4;3;3;2;2;18,8389081122645
0;1;17;3;3;170;65;3;3;3;3;2;2;2;4;4;4;4;4;4;4;5;4;4;5;5;5;5;4;3;3;3;3;3;3;3;3;4;3;4;3;3;4;4;2;2;4;4;3;2;1;4;2;4;2;3;3;3;3;22,4913494809689
0;0;18;4;5;182;117;4;5;4;5;3;2;4;3;5;5;5;3;2;1;3;2;4;3;2;3;3;2;2;2;4;1;3;3;4;3;3;2;4;2;2;4;4;2;2;5;5;1;4;4;5;4;5;4;2;1;3;2;35,3218210361067
0;0;13;2;3;163;49;1;1;2;2;1;1;1;99;1;1;1;99;5;5;5;4;3;4;5;3;5;4;4;3;4;4;4;2;2;1;3;1;1;4;1;2;1;2;2;1;1;1;1;1;1;1;1;1;2;2;1;2;18,4425458240807
1;1;18;2;2;170;61;3;1;3;2;5;3;5;4;2;3;2;3;5;4;5;5;5;5;5;5;5;5;4;4;4;4;4;4;4;4;4;3;3;3;4;2;3;2;2;1;3;2;1;3;2;3;2;1;2;3;2;4;21,1072664359862
0;0;13;3;4;170;46;2;1;3;2;1;1;1;2;2;1;1;2;4;4;3;3;2;4;2;3;3;3;3;3;3;99;3;2;2;2;3;3;3;1;2;1;3;2;2;1;1;2;2;99;1;2;1;99;99;1;1;3;15,916955017301
1;1;17;2;3;165;50;3;2;3;2;5;3;3;3;3;3;3;3;4;4;4;4;5;5;4;4;5;4;3;3;4;3;4;4;5;4;4;4;4;4;4;4;4;2;2;4;4;4;4;4;2;4;4;4;2;1;3;2;18,3654729109275
0;1;15;3;2;170;63;2;2;3;4;5;2;5;3;2;4;3;3;5;5;5;5;5;5;5;4;5;4;4;4;4;4;4;3;2;2;4;2;1;4;2;2;2;2;2;3;3;2;3;1;2;2;2;2;3;1;3;1;21,7993079584775
0;0;15;3;2;175;60;2;1;2;3;5;2;5;2;3;5;4;3;2;2;3;3;3;3;2;2;3;3;2;3;4;3;2;2;2;2;1;2;3;3;1;4;3;2;2;1;1;4;4;3;3;3;3;3;1;1;3;2;19,5918367346939
1;0;14;2;1;179;62;1;1;1;1;5;3;3;1;1;1;1;1;5;5;4;5;3;5;5;5;4;3;4;4;4;4;4;1;1;1;4;1;2;1;1;1;4;2;2;1;1;1;2;2;1;5;1;2;3;2;2;3;19,3502075465809
0;1;18;5;5;162;56;4;5;5;3;5;2;4;5;5;5;4;5;3;3;2;3;4;2;1;2;3;3;2;2;3;1;2;2;4;4;5;3;3;4;3;5;3;2;2;3;4;4;3;5;4;5;2;4;3;1;2;3;21,3382106386222
1;1;18;4;4;160;79;4;2;3;4;5;5;5;2;4;5;5;1;3;2;4;3;2;3;5;2;4;3;2;2;4;4;4;1;3;2;3;1;99;3;1;4;1;2;2;4;4;4;4;4;2;4;3;4;1;1;4;4;30,859375
1;0;18;2;2;187;82;2;3;3;3;1;1;1;2;2;1;1;1;5;4;3;5;2;5;99;99;5;99;3;4;4;99;4;1;1;1;1;2;2;1;1;1;2;2;2;2;4;2;2;99;1;3;1;1;1;2;3;3;23,4493408447482
0;1;14;3;3;165;90;5;3;4;3;5;2;5;5;5;4;5;4;2;2;3;2;2;2;3;2;3;3;2;3;2;2;2;5;5;4;4;4;4;4;4;4;4;2;2;5;4;3;4;2;4;3;2;4;3;1;3;3;33,0578512396694
1;0;18;3;3;168;65;2;3;2;3;3;3;3;2;3;3;2;3;2;2;3;2;3;1;3;3;2;3;2;3;3;2;3;3;3;2;2;3;2;3;3;3;2;99;2;3;2;4;3;3;2;4;3;3;2;2;2;2;23,0300453514739
1;1;17;4;4;168;70;5;4;4;4;5;5;5;5;5;5;5;4;3;2;3;2;3;2;3;1;3;4;2;3;2;1;3;4;5;4;5;4;5;5;4;5;4;2;2;4;4;3;3;3;4;3;4;3;3;3;3;3;24,8015873015873
0;1;14;3;4;153;40;3;3;3;3;5;3;5;5;5;5;5;4;3;99;3;3;3;99;99;99;3;3;2;2;2;3;2;5;5;4;4;4;4;5;4;5;4;2;2;1;1;4;5;2;1;5;1;5;2;1;2;2;17,0874449997864
1;1;14;3;2;148;40;5;4;4;5;4;2;4;5;5;5;5;5;3;2;3;3;3;2;4;2;2;3;2;2;3;4;3;2;4;4;2;4;5;3;4;5;5;2;2;5;5;5;5;3;1;5;1;4;4;1;4;4;18,2615047479912
1;1;15;3;4;169;61;3;2;2;3;4;2;4;3;4;3;3;2;4;3;4;3;4;3;3;4;3;3;2;2;2;3;2;2;2;2;4;1;2;1;2;2;1;2;2;3;4;3;4;3;3;4;2;4;3;2;4;4;21,3577955953923
1;0;15;3;1;180;74;2;1;3;2;1;1;1;3;3;3;3;3;2;2;3;2;3;2;2;2;3;2;3;3;4;3;3;2;3;2;3;3;3;3;3;2;3;2;2;3;3;3;3;3;3;3;3;3;1;1;1;1;22,8395061728395
1;0;18;3;2;172;65;1;1;2;2;3;1;3;1;2;3;3;1;5;5;5;4;4;5;5;5;5;5;4;4;4;3;4;1;2;1;2;2;2;1;2;2;1;2;2;2;1;2;5;1;4;5;1;5;1;1;1;4;21,9713358572201
1;1;14;3;2;168;52;3;1;2;3;4;2;3;3;4;4;4;2;5;5;5;5;3;5;4;5;4;4;3;4;3;4;4;2;4;2;2;2;3;2;1;2;4;2;2;2;3;2;3;3;2;4;2;2;2;2;2;4;18,4240362811791
0;0;17;3;2;178;78;2;1;2;1;2;1;2;1;2;1;1;1;4;4;4;4;3;3;4;3;5;99;3;3;3;1;3;3;1;3;3;1;1;3;1;1;1;2;2;3;3;1;1;1;1;1;1;1;2;2;2;2;24,6181037747759
0;1;15;2;5;162;50;5;1;4;5;4;2;4;3;4;1;2;3;5;4;5;4;5;4;4;5;4;4;2;2;4;3;4;2;2;2;4;1;2;1;2;2;1;2;2;2;1;3;3;2;1;3;1;3;4;3;3;2;19,0519737844841
0;1;14;2;2;171;75;1;1;2;1;4;2;4;1;1;5;1;1;5;5;5;5;5;4;5;4;5;5;4;4;3;3;3;2;1;1;5;3;5;3;2;1;3;2;2;4;5;2;2;1;1;1;1;1;3;2;3;3;25,6489176156766
1;1;13;3;3;161;44;3;1;1;1;5;3;5;1;5;1;1;2;5;5;5;5;3;5;5;5;5;5;4;4;3;3;1;3;3;3;3;3;3;3;3;3;3;2;2;1;1;1;2;1;1;2;1;2;3;3;2;4;16,9746537556421
1;0;13;3;3;166;60;3;1;3;3;1;1;1;4;4;2;4;2;3;3;3;2;3;3;3;3;3;2;2;2;2;2;2;4;4;4;4;4;3;4;4;4;4;2;2;4;4;4;4;4;4;4;4;4;4;1;2;4;21,7738423573813
0;1;16;4;5;167;59;4;3;2;2;3;2;3;2;2;4;4;1;5;4;5;5;2;5;5;4;4;4;3;4;4;2;4;4;4;2;5;2;3;3;5;5;5;2;2;5;3;2;3;1;3;2;3;3;3;2;4;99;21,1552942020151
1;1;13;2;3;157;46;3;1;3;3;5;2;5;3;3;3;3;2;2;3;3;3;2;3;3;3;3;3;2;2;2;2;2;4;2;2;2;2;2;2;2;2;2;2;2;1;4;2;2;3;2;3;3;3;3;2;2;4;18,6620146861942
1;1;16;4;4;174;71;2;2;3;3;5;1;5;4;4;4;4;4;4;4;4;4;4;4;3;3;4;3;2;3;2;2;2;1;3;4;4;4;2;1;1;3;2;2;2;5;5;4;5;3;4;5;3;4;3;1;2;4;23,4509182190514
1;1;16;4;5;168;54,5;3;1;4;5;5;2;5;4;4;4;4;2;5;3;4;3;4;3;5;4;4;4;3;2;4;3;3;5;5;5;5;3;5;4;4;4;4;2;2;4;4;3;2;4;2;3;1;3;3;3;4;4;19,3098072562358
1;0;13;3;3;166;48;3;1;1;2;4;2;4;4;4;4;4;2;2;2;3;3;3;2;3;3;2;3;2;4;2;3;3;2;3;2;2;2;3;2;2;3;3;2;2;2;2;3;4;3;2;4;2;3;2;1;1;3;17,4190738859051
0;0;13;3;2;165;49;2;1;2;2;5;3;5;2;4;3;2;3;4;4;4;5;5;4;4;4;4;3;3;3;3;3;3;5;4;4;4;3;5;4;3;3;2;2;2;1;3;4;2;4;2;3;2;1;4;1;2;4;17,9981634527089
1;0;14;3;1;152;40;1;3;3;2;2;1;2;4;4;3;4;3;5;5;4;5;3;5;5;4;5;4;3;3;3;3;4;3;3;3;3;3;3;3;3;3;3;2;2;1;1;2;2;3;3;4;3;3;3;2;3;4;17,3130193905817
0;0;16;3;2;170;71;2;2;2;3;1;1;1;4;4;4;4;4;4;4;4;4;4;3;4;4;4;3;2;3;3;3;2;4;4;3;4;4;4;3;4;4;4;2;2;4;4;3;3;3;3;3;3;2;4;1;3;3;24,5674740484429
1;1;18;3;3;158;60;3;3;3;3;3;2;3;99;5;5;5;99;3;2;3;3;3;3;99;3;3;3;2;2;2;2;3;99;4;5;4;99;4;4;2;5;3;2;2;5;5;5;4;4;4;5;5;4;3;1;2;4;24,034609838167
0;0;14;3;3;168;50;1;1;1;1;3;2;3;2;2;2;2;2;3;4;3;4;3;3;3;3;3;3;2;2;2;2;2;3;3;3;3;3;4;3;3;3;3;2;2;1;1;3;2;3;1;5;2;4;2;1;2;2;17,7154195011338
1;0;14;3;2;178;64;1;1;2;1;3;2;3;2;4;4;4;3;2;3;3;3;1;99;2;2;3;3;2;2;2;3;3;2;3;3;4;2;2;1;1;5;2;2;2;3;2;4;1;2;1;2;1;4;2;3;2;4;20,1994697639187
0;0;17;2;2;166;59;1;1;1;1;5;1;5;2;2;2;2;2;5;5;5;5;5;5;5;5;5;5;4;4;99;4;99;4;2;2;3;2;2;2;2;2;2;2;2;2;4;2;2;2;2;2;2;2;2;2;2;2;21,4109449847583
0;1;14;1;3;162;52;3;1;3;2;2;2;3;1;4;3;1;1;5;4;5;5;5;5;4;4;5;5;4;4;3;3;3;3;3;3;3;3;3;2;3;4;3;2;2;1;1;2;3;1;3;2;2;3;3;4;2;2;19,8140527358634
0;1;18;3;3;181;69;3;2;3;2;5;2;3;3;4;3;4;1;5;4;5;5;5;5;5;4;5;5;4;4;4;3;4;4;2;3;4;2;3;1;5;1;1;2;2;2;2;2;4;2;1;4;1;3;4;3;2;4;21,0616281554287
0;1;17;3;2;163;65;4;3;3;4;3;3;3;4;5;5;5;4;2;2;4;2;4;3;3;2;3;3;2;2;3;4;3;4;4;2;5;4;3;3;2;4;2;2;2;4;4;4;4;4;3;4;3;2;3;1;3;2;24,4646016033724
0;1;15;3;4;168;50;3;3;3;2;5;2;5;4;5;1;5;4;2;3;4;2;3;2;3;1;3;2;2;2;3;2;2;5;5;4;4;5;4;3;4;5;3;2;1;4;2;5;4;4;1;2;1;5;4;1;3;3;17,7154195011338
0;1;17;4;3;172;60;3;3;3;3;4;2;5;3;2;1;3;2;4;2;4;2;4;3;2;2;4;2;2;2;2;3;3;3;4;3;4;2;4;1;3;2;1;2;2;1;4;3;3;5;3;4;1;3;3;2;3;2;20,2812330989724
1;0;14;3;1;182;80;2;2;3;2;3;2;3;2;3;2;2;2;5;5;5;5;5;5;5;5;5;5;3;3;4;4;4;3;2;2;4;2;2;2;2;2;2;2;2;2;2;1;2;1;1;1;1;1;3;2;3;3;24,1516725033209
0;0;14;2;3;161;51;2;2;2;2;1;1;1;99;3;1;2;99;5;4;5;5;4;5;5;4;5;4;3;4;4;3;3;3;3;3;3;3;3;2;3;4;3;2;2;3;3;3;3;3;3;3;3;3;2;2;2;2;19,6751668531307
1;0;13;3;3;157;69;3;1;3;2;2;1;2;3;4;5;4;3;3;3;3;3;4;2;4;3;3;4;3;3;4;3;3;4;4;4;4;4;5;4;4;4;4;2;2;4;4;2;4;3;4;4;4;4;3;1;3;4;27,9930220292912
1;1;16;5;5;169;93;4;4;4;4;5;3;5;5;4;5;5;2;3;2;3;2;2;2;3;1;2;2;2;1;2;2;2;3;2;4;4;2;4;4;2;5;4;2;2;4;5;4;4;4;4;4;5;4;3;1;4;4;32,5618850880571
0;1;17;3;1;168;75;3;1;2;5;4;2;3;3;1;1;2;1;4;4;4;3;3;4;4;3;4;4;2;3;3;3;3;2;2;3;4;2;3;2;2;2;2;2;2;2;3;2;2;3;5;3;3;3;3;1;2;99;26,5731292517007
1;1;18;3;3;153;58;4;4;3;4;5;2;4;4;4;5;5;4;2;1;3;2;3;2;2;2;3;2;1;2;2;2;3;5;5;4;4;3;2;4;4;5;1;2;2;5;5;4;4;3;4;5;2;4;4;1;4;4;24,7767952496903
0;1;18;4;2;172,5;75;4;1;3;4;4;2;4;3;2;2;2;1;3;3;5;4;4;3;4;2;4;3;3;2;3;4;4;2;5;2;5;4;3;2;4;2;4;2;2;2;5;2;2;1;3;5;1;2;4;1;3;1;25,2047889098929
1;0;16;4;4;178;90;3;3;3;3;1;1;1;2;3;5;4;2;3;2;3;2;3;3;2;2;3;3;2;2;3;2;2;4;4;4;3;3;3;4;4;4;4;2;99;4;4;3;2;3;5;2;3;3;3;1;3;3;28,4055043555107
0;1;15;3;3;173;65;3;1;4;4;5;3;5;3;3;3;3;1;4;4;5;3;4;4;5;4;4;5;3;3;4;4;4;4;4;4;5;3;4;4;3;4;3;2;2;1;3;2;1;3;3;3;3;3;2;2;1;1;21,7180660897457
1;1;14;4;2;150;39;2;2;2;2;5;2;3;2;2;2;2;2;3;3;3;3;3;3;3;3;3;3;2;99;2;2;2;3;1;2;99;2;5;2;3;2;5;2;2;4;2;3;3;3;2;2;2;3;99;99;1;3;17,3333333333333
1;0;13;3;3;160;55;3;1;1;2;4;2;3;3;4;5;4;2;4;3;3;3;4;4;4;3;4;3;2;3;3;3;3;3;2;2;2;2;2;2;3;2;1;2;2;1;1;3;5;3;3;5;1;5;3;1;2;4;21,484375
1;0;16;3;3;160;55;3;3;3;3;3;3;3;2;3;2;3;2;3;3;4;4;4;3;4;4;3;3;3;3;3;3;3;4;3;3;3;4;4;3;4;4;4;1;1;3;4;2;2;2;3;3;3;3;2;2;2;3;21,484375
1;0;16;2;2;185;71;1;1;2;2;5;2;5;2;1;1;1;1;5;5;5;4;4;5;5;4;5;3;4;4;3;4;4;1;2;3;2;3;2;2;1;2;1;2;2;1;1;2;2;99;1;2;1;2;99;2;3;4;20,745069393718
1;0;14;3;1;175;70;4;3;3;4;1;1;1;4;4;5;4;3;2;3;4;3;2;2;2;2;3;99;2;99;3;3;2;2;4;3;4;4;4;5;3;5;4;2;2;4;3;4;5;99;2;3;99;3;3;2;3;3;22,8571428571429
0;0;17;3;2;185;85;2;2;1;4;4;2;3;1;2;1;2;1;5;3;4;4;3;3;4;99;4;2;3;3;3;4;4;2;2;2;99;1;3;2;2;3;2;2;2;3;2;3;4;2;99;2;1;99;2;1;3;2;24,8356464572681
1;0;15;3;3;169;65;2;2;2;3;4;4;3;3;3;2;3;2;3;4;3;3;3;3;4;3;4;4;3;3;3;4;3;4;4;4;3;3;5;4;3;4;3;2;2;4;3;3;2;4;3;3;4;3;2;2;2;2;22,7583067819754
0;0;18;2;1;186;64;3;3;1;3;5;3;5;1;3;4;2;2;3;5;4;3;3;3;4;4;3;2;2;2;2;4;2;3;4;4;4;4;4;2;3;3;4;2;2;1;1;3;2;3;1;2;1;3;3;2;1;1;18,499248468031
0;0;16;4;4;152;60;4;4;4;5;4;3;4;4;4;3;4;4;5;5;4;4;5;5;3;4;4;3;3;3;2;3;3;2;4;4;4;4;3;3;3;3;3;2;2;3;3;4;2;2;3;3;2;3;1;2;3;2;25,9695290858726
1;0;17;5;2;183;73;5;5;5;5;4;2;4;4;4;5;5;2;4;2;2;2;2;2;2;1;3;4;2;2;3;4;4;4;4;5;3;2;4;2;3;3;3;2;2;3;5;4;3;4;4;5;4;4;3;2;2;2;21,7982023948162
0;1;16;3;3;160;53;5;3;5;4;5;2;5;2;1;4;4;4;5;5;5;5;5;5;3;5;5;5;2;4;3;2;4;1;4;3;4;1;5;1;1;3;5;2;2;1;2;2;1;1;1;4;1;1;3;2;4;2;20,703125
0;1;16;4;3;164;52;4;3;4;4;5;2;3;2;2;2;2;1;5;5;4;5;4;5;4;4;5;5;3;4;3;2;4;2;2;2;4;2;2;4;4;3;2;2;2;1;1;2;4;2;1;4;2;4;2;2;2;1;19,3337299226651
0;0;15;3;2;168;55;2;1;2;2;2;2;3;4;2;2;2;2;5;5;5;5;5;5;5;5;5;4;3;3;4;4;4;1;2;5;4;3;2;2;1;4;2;2;2;1;1;2;2;1;1;1;1;1;4;3;3;4;19,4869614512472
0;1;14;3;4;165;45;3;3;3;3;1;1;1;4;4;4;4;4;4;3;4;4;4;4;4;4;4;3;3;3;3;3;3;4;5;5;4;4;4;4;5;4;4;2;2;3;3;2;2;2;2;2;2;2;3;2;3;3;16,5289256198347
1;1;16;5;5;164;45;5;5;5;5;3;2;3;2;4;1;3;2;5;3;4;4;5;5;4;3;2;5;2;2;4;2;2;2;1;2;3;2;1;1;3;2;1;2;2;1;1;2;5;4;1;2;1;5;2;3;2;3;16,7311124330756
0;0;16;2;3;175;68;3;1;2;2;4;4;3;4;3;4;4;5;4;5;3;4;4;5;5;4;3;3;2;3;4;3;3;3;3;3;3;5;4;2;4;2;3;1;2;3;4;3;3;2;4;3;2;4;4;2;3;3;22,2040816326531
1;1;15;4;3;163;53;5;5;4;4;5;3;5;4;4;4;4;3;4;4;3;4;2;4;4;99;4;5;3;2;3;2;3;4;5;4;5;5;4;4;4;5;4;2;2;3;2;2;2;4;3;2;1;2;2;1;3;4;19,9480597689036
1;0;14;2;2;150;45;2;1;1;2;4;3;4;2;2;2;3;2;2;2;3;3;3;3;2;3;3;4;2;2;2;2;2;3;3;3;3;4;3;2;3;2;3;2;2;2;2;3;3;3;3;3;3;3;2;1;4;4;20
0;1;17;3;3;169;54;3;2;1;3;5;2;5;1;4;2;1;2;3;5;99;4;4;5;99;99;4;2;2;2;2;2;2;3;2;2;1;4;1;1;2;2;1;2;2;1;1;2;2;5;1;2;1;2;3;2;3;3;18,9069010188719
1;1;13;1;3;157;37;2;1;1;1;4;2;4;3;1;3;3;3;5;5;5;4;5;5;5;99;5;5;4;4;4;4;4;2;3;3;5;4;3;3;2;1;3;2;2;1;1;1;1;1;1;1;1;1;3;3;2;4;15,0107509432431
1;1;17;1;3;150;48;2;1;2;3;4;2;4;4;4;4;4;2;5;5;5;5;5;5;5;3;5;3;4;4;3;3;4;4;4;2;4;4;2;2;4;3;2;2;2;2;4;1;2;2;4;4;1;2;3;2;4;3;21,3333333333333
0;1;14;3;4;170;56;3;1;4;3;4;2;4;5;4;5;5;4;5;3;4;3;4;3;99;99;3;3;3;2;3;3;4;4;5;5;4;4;4;4;2;5;99;2;2;4;2;4;4;2;3;2;2;2;3;2;3;2;19,3771626297578
0;0;14;3;1;175;67;2;2;3;2;5;5;4;4;3;2;2;2;2;4;4;3;2;3;3;3;4;3;2;3;3;3;3;3;4;5;3;4;4;4;2;3;3;2;2;3;3;2;3;2;3;3;2;2;3;2;3;4;21,8775510204082
1;1;17;5;2;170;58;4;4;4;4;5;3;5;5;4;5;2;4;5;4;5;4;2;5;5;2;4;3;2;2;3;3;3;5;5;5;5;3;5;3;5;2;5;2;2;4;5;2;3;4;2;4;1;2;2;3;3;4;20,0692041522491
1;1;18;4;2;163;68;5;5;4;5;5;2;3;1;4;5;3;2;4;2;3;2;2;3;2;2;3;2;2;2;2;3;2;2;2;3;4;1;3;2;2;4;4;2;2;4;5;3;3;3;4;4;3;4;2;1;3;3;25,5937370619895
1;0;13;3;2;152;52;2;2;2;2;2;2;2;1;1;1;1;2;4;5;4;4;4;4;4;4;5;4;3;3;3;3;3;1;1;2;4;1;4;1;1;1;5;2;2;1;1;1;5;2;1;2;1;5;2;1;2;4;22,5069252077562
1;1;15;3;4;168;45;3;1;3;2;4;3;3;2;3;2;2;2;3;3;4;3;2;3;3;3;3;2;2;2;2;2;2;4;3;3;2;3;2;2;2;4;1;2;2;1;1;3;5;3;1;5;1;5;2;2;2;2;15,9438775510204
1;1;15;3;2;167;45,6;3;1;2;2;5;2;4;2;5;2;4;2;3;3;2;2;4;3;1;1;4;1;2;1;1;2;1;3;2;2;2;4;4;2;4;4;3;2;2;3;2;4;3;5;3;4;1;4;4;2;3;4;16,3505324679981
0;0;17;2;1;197;85;3;2;4;3;5;3;5;2;5;3;5;2;5;4;5;4;5;5;5;3;4;5;4;4;4;4;4;3;4;1;4;4;2;2;1;5;3;2;2;1;3;2;1;1;3;1;1;2;3;2;4;3;21,9021361024505
1;0;14;4;2;183;58;3;2;3;3;2;1;2;2;2;2;2;2;3;3;3;3;3;3;3;3;3;3;2;2;2;2;2;2;2;2;2;2;2;2;2;2;2;2;2;2;2;2;2;3;2;2;2;2;2;1;2;3;17,3191197109499
0;1;18;3;2;167;65;4;2;5;4;1;1;1;1;3;3;2;2;4;4;4;4;4;4;4;3;4;5;3;3;3;3;3;4;2;4;5;4;4;4;3;2;3;2;2;2;2;2;1;2;2;2;2;2;1;2;3;2;23,3066800530675
0;1;14;3;3;155;52;2;1;2;2;4;3;4;5;5;4;4;5;3;4;4;4;3;4;3;3;4;4;3;3;3;3;3;4;4;4;4;4;3;4;3;4;3;2;2;3;4;3;2;3;3;3;3;2;3;2;3;3;21,6441207075963
1;1;17;3;4;158;66;5;5;5;5;5;2;5;5;5;5;5;4;4;3;4;3;4;3;4;2;3;2;2;2;2;3;3;5;4;4;5;4;3;3;5;5;4;2;2;4;5;3;4;4;2;4;1;2;3;2;4;4;26,4380708219837
1;0;14;3;3;165;50;3;1;3;2;5;2;4;4;5;3;4;4;4;4;5;4;3;4;4;4;4;4;3;3;3;3;4;3;3;4;3;3;3;3;3;3;3;2;2;5;3;3;4;2;2;2;2;2;3;1;2;3;18,3654729109275
1;0;15;3;4;172;57;2;1;3;1;2;2;3;1;1;1;3;1;5;5;3;4;5;5;5;2;5;99;4;3;4;2;4;2;1;1;4;1;2;2;1;1;1;2;2;3;2;1;2;99;99;5;1;99;2;2;2;1;19,2671714440238
1;1;18;5;5;183;62;3;3;3;3;5;2;5;1;3;3;3;1;3;3;3;3;3;3;3;3;3;3;2;2;2;2;2;2;2;2;4;2;2;2;3;3;2;2;2;1;4;3;3;5;2;4;2;4;3;2;2;4;18,5135417599809
1;1;18;3;1;161;45;3;2;3;2;5;2;4;2;2;3;2;2;5;4;4;4;3;5;4;5;4;4;3;3;3;3;3;4;4;3;4;2;5;2;4;4;3;2;2;2;3;2;2;3;2;2;2;2;3;3;2;4;17,3604413409976
0;1;13;2;5;173;49;4;3;5;1;2;2;3;2;4;3;2;1;5;4;3;4;3;4;2;3;3;2;2;2;2;3;3;2;2;1;4;1;3;1;1;2;4;2;2;2;1;3;4;4;4;5;1;4;2;2;3;2;16,3720805907314
1;0;18;3;2;180;63;2;1;2;2;5;2;5;2;2;2;2;2;3;3;2;4;3;4;3;3;3;2;2;3;2;3;3;3;3;2;3;2;3;3;4;2;3;2;99;5;2;3;2;1;3;3;3;3;3;2;3;4;19,4444444444444
1;0;18;5;5;182;82;4;3;3;3;4;2;4;1;2;4;4;99;3;2;4;3;2;1;2;3;2;4;2;1;4;2;3;3;3;3;3;3;3;3;4;4;3;2;2;3;3;3;3;3;3;3;3;3;1;1;1;2;24,7554643159039
1;0;13;3;3;185;85;1;5;4;5;2;5;4;2;3;2;5;1;3;3;3;4;2;3;2;2;3;2;2;1;3;3;2;4;4;3;2;3;4;5;3;1;3;2;2;4;4;3;3;2;4;4;5;3;1;2;3;2;24,8356464572681
0;0;13;2;1;160;51;3;1;3;2;1;1;1;2;1;4;4;1;5;4;4;4;3;99;5;5;5;5;3;4;4;4;4;1;1;2;4;2;1;1;1;2;2;2;2;4;4;3;2;3;4;2;5;2;1;1;2;99;19,921875
1;1;16;2;4;176;55;4;2;5;3;5;3;5;3;4;4;2;2;5;4;5;5;4;5;5;4;5;5;3;3;4;4;3;3;5;4;4;2;5;4;3;2;2;2;2;2;1;2;2;3;1;2;1;3;4;4;3;3;17,7556818181818
0;1;17;4;3;168;50;4;3;4;3;2;1;2;2;4;99;4;2;5;2;4;4;4;3;3;2;2;2;2;2;2;3;2;4;3;5;5;4;99;4;4;99;3;2;2;2;2;2;2;3;3;2;3;3;3;1;3;2;17,7154195011338
1;0;13;2;2;164;56;2;1;3;3;1;1;1;4;5;5;5;2;5;2;5;3;5;3;4;4;3;2;3;3;4;2;2;4;2;5;4;1;3;3;4;5;5;99;99;4;5;4;4;4;3;4;4;3;3;1;3;4;20,8209399167162
1;1;16;3;3;175;63;3;1;3;3;4;2;4;1;2;1;2;3;5;5;5;5;4;5;5;3;5;4;3;3;3;4;3;2;1;4;4;4;3;2;1;1;3;2;2;1;1;2;2;3;2;2;2;3;4;2;3;4;20,5714285714286
0;0;14;2;3;165;55;2;1;4;3;2;2;2;1;4;1;1;1;5;5;5;5;4;5;5;5;5;3;3;4;2;2;4;3;1;1;3;3;2;1;2;1;3;2;2;1;1;1;5;1;1;1;1;1;1;1;3;3;20,2020202020202
0;1;14;2;1;167;54;2;1;3;3;5;2;5;3;4;5;5;3;4;4;4;4;4;4;5;4;5;4;3;4;4;4;4;4;4;4;4;3;3;3;4;3;5;2;2;2;3;2;5;2;1;3;4;5;2;3;4;1;19,3624726594715
0;0;17;3;2;183;73;3;1;3;2;5;2;5;1;4;3;4;1;5;3;5;4;4;4;5;2;4;4;3;3;4;3;4;3;4;1;5;1;5;3;5;4;4;2;2;1;1;2;3;1;1;2;1;2;2;1;4;99;21,7982023948162
0;0;17;2;1;182;72;1;2;1;1;4;3;4;3;2;3;3;3;4;5;5;5;5;4;4;5;5;99;3;4;4;3;3;3;1;1;5;3;3;1;1;2;3;2;2;1;1;1;3;3;1;5;1;5;2;4;2;99;21,7365052529888
1;1;17;4;4;175;70;4;2;3;3;5;2;4;4;5;5;4;3;2;2;3;2;3;2;2;2;3;2;2;2;2;3;2;2;4;5;5;3;3;4;3;5;2;2;2;5;4;4;5;3;2;5;1;3;3;1;2;4;22,8571428571429
1;1;17;3;3;172;55;3;2;2;3;5;2;5;4;4;4;4;4;4;4;5;4;4;4;4;4;4;4;3;3;3;3;3;4;4;4;4;4;4;4;4;4;4;2;2;4;4;2;2;2;4;2;4;2;2;2;2;2;18,5911303407247
0;1;16;2;2;165;70;2;1;2;1;4;2;2;2;3;2;3;2;5;5;5;5;3;5;4;3;5;4;4;4;4;4;4;3;3;3;5;1;5;3;3;3;5;2;99;2;2;2;2;2;2;2;2;2;2;2;2;2;25,7116620752984
0;1;13;2;1;158;43;2;1;1;1;2;2;2;4;4;4;2;3;4;4;5;4;3;5;3;3;5;5;3;4;4;4;4;4;2;2;3;1;1;2;2;3;4;2;2;1;1;2;2;1;2;1;1;2;3;3;2;1;17,224803717353
1;0;17;4;2;186;65;2;3;3;3;2;1;2;2;2;1;1;2;3;5;3;4;4;3;3;3;3;3;2;2;3;3;3;2;1;4;3;3;4;3;1;1;2;2;2;1;1;1;1;99;1;1;99;1;99;3;2;2;18,788299225344
0;1;15;3;3;160;91;4;3;4;3;5;2;5;4;5;5;5;4;3;3;4;4;4;3;4;2;4;3;2;3;4;2;3;1;4;4;5;3;4;5;4;5;4;2;2;4;4;3;4;4;4;4;4;4;4;1;4;2;35,546875
1;0;17;2;2;186;73;1;2;3;3;2;1;2;3;3;3;3;3;5;4;4;4;4;4;4;99;4;4;4;4;4;4;4;2;2;1;3;1;2;2;4;1;1;2;2;1;1;2;2;3;1;3;2;2;2;3;1;3;21,1007052838478
0;1;14;3;3;169;61;4;4;3;3;1;1;1;2;4;3;4;2;3;3;4;3;2;2;3;3;5;2;3;3;3;4;4;4;3;4;4;3;4;5;4;4;4;2;2;4;5;3;4;3;5;4;3;4;2;1;3;3;21,3577955953923
1;0;16;3;3;171;46;3;2;3;2;1;1;1;3;3;4;4;2;2;2;3;3;3;2;2;2;3;3;2;2;2;3;2;3;2;4;4;3;2;2;2;3;2;2;2;1;1;4;4;3;1;4;1;4;3;1;2;3;15,731336137615
0;1;17;3;3;162;58;4;3;5;4;5;3;5;2;4;4;3;4;3;4;4;4;3;4;4;3;4;3;3;3;3;3;3;4;4;4;5;4;4;5;4;4;4;2;2;2;4;2;2;4;2;4;1;2;3;3;3;3;22,1002895900015
0;0;18;3;3;183;65;3;2;3;3;5;2;4;3;4;4;3;3;4;4;5;5;4;4;4;4;5;5;3;4;4;3;3;2;3;3;4;3;4;2;2;2;4;2;2;1;1;2;3;1;2;3;2;3;1;1;2;2;19,4093582967542
1;0;18;4;1;180;65;4;3;3;2;4;1;3;3;3;1;3;3;4;5;5;5;4;5;5;4;5;4;4;4;4;4;4;2;1;3;3;1;2;2;1;3;2;2;2;2;1;2;2;3;1;2;1;2;2;3;3;4;20,0617283950617
0;1;17;3;1;193;73;2;3;2;1;4;1;4;2;2;2;2;3;4;99;3;99;4;4;3;5;5;4;2;2;2;2;2;3;4;3;3;4;3;4;4;3;3;2;2;1;1;2;3;4;2;2;2;4;2;1;1;1;19,5978415527934
1;0;15;3;4;156;45;5;3;3;2;1;1;1;4;4;3;4;3;4;4;4;3;3;4;4;3;3;3;3;3;3;3;3;4;3;4;5;3;5;4;3;4;4;2;2;3;2;2;2;2;3;2;3;2;3;2;2;3;18,491124260355
1;0;16;2;2;170;80;3;1;1;1;2;2;3;3;4;4;4;3;99;2;3;99;2;4;3;2;2;2;2;3;3;1;2;2;1;2;4;3;4;4;1;4;4;2;2;5;2;5;4;99;2;2;2;3;3;1;2;4;27,681660899654
1;0;18;4;2;180;110;3;3;3;2;4;2;3;4;4;4;3;4;3;2;3;3;3;3;3;3;3;2;2;2;2;2;2;4;4;3;4;4;4;4;4;4;3;2;2;4;4;5;4;4;4;4;4;4;2;1;2;2;33,9506172839506
0;1;18;3;2;149;52;3;3;3;4;5;3;5;2;3;3;3;2;4;5;4;3;4;5;5;3;5;5;3;3;3;3;3;2;2;2;2;2;2;2;2;2;3;2;2;2;3;2;3;1;2;2;2;2;4;2;3;3;23,4223683617855
1;0;17;3;3;183;66;2;2;3;3;5;3;5;1;5;1;1;4;4;4;5;5;3;5;5;5;5;5;3;3;3;3;4;1;2;2;99;1;3;3;2;2;1;2;2;1;1;1;2;1;2;1;1;3;3;2;4;4;19,7079638090119
1;1;15;4;4;167;52;4;4;4;4;4;2;4;2;2;2;2;2;4;3;3;4;3;4;3;3;3;3;2;2;2;2;2;4;3;4;4;3;2;2;2;4;2;1;2;4;4;2;3;3;4;3;1;3;3;2;3;3;18,645344042454
0;0;15;3;3;186;53;1;3;2;4;5;1;5;2;5;4;4;3;2;2;4;2;5;2;4;2;2;1;2;3;3;4;3;2;3;4;3;4;4;2;5;2;4;1;2;1;1;4;5;3;3;5;3;3;1;1;3;3;15,3196901375882
1;0;14;1;2;170;51;1;1;1;2;3;2;3;2;1;1;2;2;4;4;4;4;4;4;4;4;4;4;3;3;3;2;3;1;2;1;3;2;1;1;1;2;2;2;2;1;1;2;2;2;1;2;1;2;4;2;3;4;17,6470588235294
1;0;17;3;3;178;100;2;2;3;2;1;1;1;4;4;4;4;4;2;2;3;3;2;4;4;3;3;2;2;2;3;2;3;3;2;3;3;2;4;4;3;3;2;2;2;2;3;2;3;4;3;2;3;4;2;3;2;2;31,561671506123
1;1;15;3;2;160;42;3;2;2;2;5;2;3;3;3;3;3;2;4;4;4;4;3;4;4;3;4;4;3;3;2;3;3;1;1;2;3;2;3;1;2;2;3;2;2;3;3;2;2;2;4;2;3;3;3;2;2;3;16,40625
1;1;13;4;2;171;64;3;1;3;2;3;3;3;2;2;4;4;2;5;5;4;4;4;5;5;5;5;5;3;4;4;3;4;4;5;1;4;2;2;3;5;4;2;2;2;2;5;2;1;3;3;3;1;2;4;2;3;4;21,8870763653774
1;1;14;4;2;178;63;3;2;3;3;1;1;1;4;4;5;4;3;4;3;5;3;3;4;3;3;4;4;3;3;3;3;3;3;3;2;5;3;2;2;2;3;2;2;2;4;4;2;2;4;3;4;4;2;3;2;4;4;19,8838530488575
0;1;13;3;4;160;39;3;2;2;2;1;1;1;2;2;2;2;2;4;4;4;4;2;4;4;4;4;3;3;4;3;3;3;3;3;3;3;4;3;3;3;3;3;2;2;2;2;3;3;3;3;3;3;3;3;3;3;3;15,234375
1;1;13;3;1;146;45;4;1;3;3;3;2;5;4;4;5;5;4;2;4;3;3;99;3;3;2;4;4;2;2;2;1;2;2;5;4;3;3;2;3;3;4;2;2;2;3;2;4;4;4;1;2;3;3;3;1;2;3;21,1109026083693
0;0;18;3;2;174;60;3;2;3;2;3;3;3;4;4;3;4;4;4;4;4;4;3;5;4;4;4;4;3;3;3;3;3;3;3;3;3;3;3;3;3;3;3;2;2;1;1;3;1;3;1;2;2;2;2;2;2;2;19,8176773682124
0;0;16;3;4;175;75;2;1;1;3;1;1;1;3;4;4;4;3;4;4;5;4;4;4;4;4;4;5;3;4;4;4;4;3;2;3;3;4;3;4;2;3;4;2;2;4;4;3;2;4;3;3;3;3;3;2;2;3;24,4897959183673
1;1;14;3;2;163;61;4;4;4;5;4;2;3;3;3;3;3;3;2;3;2;3;2;3;2;2;3;3;2;2;2;2;2;3;3;4;3;3;3;3;3;3;3;2;2;3;4;3;3;3;3;4;3;3;3;1;4;4;22,9590876585494
0;0;15;4;4;183;71;3;99;3;3;5;2;3;3;3;3;3;3;4;3;3;3;3;3;2;3;4;3;3;3;3;2;3;3;3;4;4;4;4;4;3;3;4;2;2;2;2;2;99;99;2;2;2;2;1;1;2;2;21,2009913703007
1;0;13;2;2;156;39;3;2;3;2;4;2;3;4;4;4;4;5;3;4;3;4;3;4;3;3;4;3;2;3;2;3;3;4;3;3;4;3;4;3;2;3;3;2;2;4;2;3;2;3;2;4;2;3;3;2;3;3;16,025641025641
1;0;17;3;2;169;61,5;3;2;2;2;4;2;4;1;2;1;2;1;5;5;4;5;3;5;4;4;4;4;3;3;3;3;4;1;1;1;5;1;2;1;2;4;2;2;2;2;2;1;2;1;5;2;1;5;3;3;2;4;21,5328594937152
1;0;16;4;3;194;93;3;3;3;3;2;1;2;3;4;4;4;3;3;3;3;3;2;2;2;2;3;99;2;2;2;1;2;3;2;2;4;3;3;3;3;2;4;2;2;4;3;4;4;3;4;3;3;4;2;2;3;4;24,7103836752046
1;1;16;3;2;160;52;3;2;3;3;2;2;2;4;4;3;4;4;3;3;3;3;2;3;2;2;3;2;2;3;2;3;2;3;2;4;4;2;3;4;2;2;3;2;2;2;2;2;2;3;3;2;2;2;2;2;3;4;20,3125
0;0;16;3;2;175;60;2;2;2;2;4;2;2;1;2;2;2;1;4;5;4;3;3;4;4;4;4;3;3;3;3;2;4;2;2;2;3;1;2;1;4;4;4;2;2;2;2;2;4;99;2;4;99;4;2;2;2;3;19,5918367346939
1;1;16;2;3;160;44;4;2;3;4;4;2;3;3;4;3;3;4;2;3;3;2;2;3;2;3;3;2;2;2;2;2;2;4;4;5;4;4;4;3;3;4;3;2;2;2;2;3;2;3;2;3;2;3;2;2;2;4;17,1875
0;1;18;4;4;170;63;4;4;5;4;5;3;4;4;4;4;4;3;2;3;3;2;2;2;3;2;3;3;2;1;2;1;2;4;4;4;3;4;2;4;3;5;4;2;2;2;5;4;2;2;4;4;2;2;3;1;3;1;21,7993079584775
1;0;18;3;3;175;80;2;2;3;3;3;2;3;4;4;4;4;3;4;3;4;4;4;4;4;3;4;3;2;3;3;3;3;4;2;4;4;4;4;5;2;3;5;2;2;4;3;3;3;3;2;4;3;2;3;2;3;4;26,1224489795918
1;1;15;3;3;169;53;2;1;2;2;3;2;3;4;2;2;2;3;5;5;5;4;3;5;5;5;5;5;3;4;4;4;4;2;3;2;5;5;4;2;1;2;4;2;2;1;2;2;2;1;4;1;4;3;4;3;3;4;18,5567732222261
1;0;14;3;2;164;55;3;2;2;2;2;2;2;4;4;3;4;3;4;4;4;4;3;4;4;4;4;3;3;3;3;3;3;3;3;3;4;4;4;4;4;4;4;2;2;3;3;3;2;3;2;2;2;2;3;2;2;3;20,4491374182035
0;0;15;3;3;156;52;2;1;1;2;4;2;4;2;4;2;4;2;4;3;3;3;4;4;3;3;3;2;2;3;3;3;3;2;2;2;3;2;2;2;1;2;2;2;2;4;3;2;4;3;2;3;2;3;3;2;3;2;21,3675213675214
1;0;15;2;2;175;75;2;1;3;1;2;1;2;4;4;3;4;4;4;3;4;4;4;4;4;4;4;3;3;3;2;3;3;4;4;3;4;4;3;3;4;4;3;2;2;3;3;2;3;3;3;3;3;3;3;2;2;4;24,4897959183673
1;0;13;3;2;166;57;1;2;1;1;3;3;3;2;3;2;3;4;5;4;4;4;5;5;5;5;5;4;4;4;4;4;4;4;1;2;3;2;4;3;4;3;3;2;2;3;3;3;3;3;3;3;3;3;2;2;2;3;20,6851502395123
1;0;15;3;2;175;54;1;1;2;1;4;2;3;3;1;1;1;3;5;4;5;5;4;5;4;4;4;5;4;4;4;4;4;2;1;1;4;1;3;2;1;2;1;2;2;1;1;2;1;1;1;1;1;1;3;2;2;3;17,6326530612245
1;0;17;3;2;189;81;3;3;99;3;3;1;3;2;4;4;4;1;99;4;5;4;2;99;2;99;5;4;2;99;2;3;3;1;2;2;3;1;2;2;3;2;1;2;2;3;4;4;4;3;3;4;2;3;99;1;3;3;22,6757369614513
1;1;15;3;2;160;54;2;1;2;2;4;2;4;4;4;5;5;4;2;2;4;2;5;3;3;2;3;4;3;2;3;3;2;4;5;4;5;3;4;4;5;5;4;2;2;5;5;4;2;4;4;2;4;2;4;1;3;4;21,09375
1;1;13;3;4;160;43;4;5;3;5;5;2;4;5;5;4;4;4;3;3;3;2;5;4;2;3;3;3;2;3;3;3;3;4;4;5;5;5;4;4;3;4;5;2;2;2;4;4;2;2;4;2;4;2;4;1;2;3;16,796875
0;0;13;3;2;160;49;2;3;3;3;3;2;3;1;4;4;1;1;4;3;4;3;4;3;2;2;4;2;2;2;2;2;3;1;1;2;2;3;2;3;4;2;2;2;2;3;4;3;2;3;2;4;2;3;1;1;3;2;19,140625
0;1;13;3;2;167;67;2;1;3;1;4;2;3;3;1;3;4;2;5;4;5;5;3;4;4;99;5;4;4;4;3;3;3;1;2;99;5;3;2;1;1;4;1;2;2;3;2;2;3;1;1;2;1;2;3;2;4;2;24,023808670085
1;1;13;3;2;150;43;3;3;3;3;4;2;5;3;3;3;3;3;4;4;4;4;4;4;4;4;4;2;3;3;3;3;3;4;4;4;4;4;4;4;4;4;4;2;2;3;4;2;2;2;4;2;4;2;4;4;3;3;19,1111111111111
0;1;15;3;3;158;45;3;3;3;4;2;1;2;3;3;3;3;3;5;5;4;5;4;5;4;4;5;5;4;4;4;4;4;3;3;2;2;3;3;3;3;4;3;2;2;1;1;3;3;5;1;5;1;5;1;1;1;1;18,0259573786252
1;0;18;4;5;175;90;5;3;5;5;3;2;2;1;1;3;3;1;5;5;5;5;4;5;4;5;5;3;4;4;4;4;4;1;1;1;5;1;4;3;2;2;4;2;2;4;3;2;2;2;3;2;1;2;2;1;3;2;29,3877551020408
0;0;14;5;4;165;63;3;2;4;3;3;2;3;4;4;3;4;2;4;3;5;5;4;3;2;4;3;3;2;4;3;4;3;4;3;3;3;2;4;5;4;5;4;2;2;2;2;3;2;3;2;2;1;2;4;1;3;1;23,1404958677686
0;0;14;3;3;165;62;3;2;2;3;4;2;4;4;4;3;4;4;4;4;4;4;3;3;2;4;4;4;3;3;3;3;3;3;4;4;4;4;4;3;3;3;4;2;2;2;2;2;2;3;1;5;1;4;3;2;3;3;22,7731864095501
1;1;18;3;2;160;47;2;3;1;1;5;3;2;2;5;1;2;1;5;3;4;3;4;4;4;3;4;3;3;3;3;2;3;4;3;3;4;4;3;4;2;5;2;2;1;1;1;2;3;2;1;5;1;5;3;2;4;3;18,359375
0;1;14;3;1;169;51;5;2;5;5;4;2;5;1;4;1;3;1;2;5;5;4;3;5;5;4;5;2;2;2;2;2;2;1;5;1;4;1;3;1;4;1;1;2;2;1;1;2;2;1;1;1;3;1;2;2;2;4;17,8565176289346
1;0;15;3;4;171;55;2;1;2;3;1;1;1;3;4;3;4;3;4;99;2;4;3;99;1;99;3;1;2;99;2;3;3;2;2;3;5;4;4;2;1;4;2;2;2;2;2;3;2;3;1;2;2;4;4;2;2;3;18,8092062514962
1;1;18;3;3;180;68;2;2;3;3;3;3;3;1;2;3;3;1;3;4;3;4;3;3;4;3;4;4;2;2;2;2;2;3;3;3;3;3;3;3;3;3;3;2;2;1;1;2;2;2;2;3;2;4;3;2;2;3;20,9876543209877
1;1;13;4;4;170;70;3;4;3;3;5;4;5;5;5;4;5;2;2;3;3;4;2;2;2;4;3;3;2;3;2;3;3;4;4;2;4;2;3;3;2;4;3;2;2;3;4;3;2;4;5;4;4;4;3;1;2;2;24,2214532871972
1;1;14;4;3;162;53;3;4;2;3;5;1;3;5;4;4;5;5;5;3;3;4;5;2;4;2;3;2;3;3;2;2;2;4;4;4;5;4;3;3;3;5;2;2;2;2;4;3;4;4;2;2;2;4;2;3;3;4;20,1950922115531
0;1;13;3;2;168;55;3;1;3;3;5;3;4;3;2;3;2;4;5;5;5;5;3;5;3;5;5;4;4;4;3;4;4;2;1;1;3;4;4;3;2;1;4;2;2;1;1;1;1;2;2;2;1;2;3;3;2;3;19,4869614512472
1;1;18;3;2;159;55;2;1;2;2;5;2;5;4;4;4;4;4;4;4;5;4;3;4;5;3;4;5;3;3;3;3;3;4;4;3;4;4;3;4;3;4;4;2;2;4;5;3;3;2;3;4;2;3;3;2;3;3;21,7554685336814
1;1;14;4;3;161;55;3;3;4;4;5;2;4;4;5;5;4;5;4;3;4;3;3;4;2;2;3;5;3;2;4;4;3;2;5;5;5;4;4;3;2;5;3;2;2;3;4;3;2;5;4;3;1;2;4;2;3;4;21,2183171945527
0;1;14;4;3;172;56;3;5;3;4;5;2;5;2;4;4;4;2;2;2;3;3;3;2;4;99;2;3;2;2;2;3;3;4;4;3;4;3;4;1;2;4;1;2;2;4;4;3;4;4;4;5;3;5;2;1;4;4;18,9291508923743
0;0;17;5;3;175;65;3;1;3;3;5;2;4;1;3;4;1;99;4;4;4;5;5;5;5;5;5;99;3;4;4;3;3;2;1;4;3;1;3;4;2;2;1;2;2;1;1;1;1;1;1;1;1;3;3;4;3;4;21,2244897959184
0;1;17;4;3;169;65;3;2;3;3;4;3;3;4;4;4;4;4;3;4;4;4;4;4;4;3;4;4;3;3;3;3;3;3;4;3;4;3;2;2;2;3;4;1;1;3;2;2;3;2;3;4;2;3;3;3;4;1;22,7583067819754
1;0;17;4;2;182;62;3;1;1;3;4;2;4;1;2;4;1;1;5;4;4;5;5;5;4;5;4;5;3;4;4;4;4;2;2;4;3;4;1;2;1;1;2;2;2;1;1;1;2;1;1;3;2;1;3;2;3;4;18,7175461900737
1;1;18;3;3;170;59;3;2;2;3;5;3;5;3;4;4;3;3;5;5;4;4;4;5;4;4;5;4;3;3;3;3;3;3;3;2;3;3;4;2;3;3;2;2;2;3;2;1;3;3;4;2;3;3;3;3;2;2;20,4152249134948
0;1;15;4;4;162;65;4;2;2;3;5;2;5;4;3;4;4;4;3;3;3;3;2;3;3;2;3;4;2;2;2;3;4;4;5;4;5;2;4;4;5;4;4;2;2;3;3;4;3;2;3;3;3;3;2;2;1;3;24,7675659198293
1;1;17;3;3;168;48;4;4;3;3;5;2;5;2;5;3;2;2;5;5;5;5;5;5;4;3;5;4;3;3;3;3;4;3;2;2;5;4;4;3;2;3;4;2;2;1;1;1;1;2;1;1;1;1;2;3;3;3;17,0068027210884
1;0;13;3;3;154;36;3;1;3;3;1;1;1;2;3;3;2;2;4;5;4;5;3;5;5;5;5;5;3;3;3;3;3;2;2;3;4;3;3;3;2;2;4;2;2;1;1;1;5;3;3;3;1;5;2;1;2;3;15,179625569236
1;1;16;3;2;175;55;3;3;4;3;4;2;4;5;4;5;4;4;4;3;4;3;4;4;2;3;3;3;2;2;3;3;3;5;5;3;4;3;4;5;4;5;4;2;2;3;4;3;2;4;4;4;2;4;4;2;3;4;17,9591836734694
1;1;13;3;2;167;50;2;1;2;1;1;1;1;1;2;2;2;3;4;4;4;4;4;5;5;4;5;99;3;3;3;3;4;2;2;3;4;3;3;3;3;2;4;2;2;3;2;2;2;2;2;1;2;1;2;1;2;3;17,9282154254366
0;0;16;3;3;170;65;2;2;2;2;4;1;3;3;4;4;4;4;3;3;4;4;2;4;2;2;4;3;2;2;2;2;2;5;3;1;5;1;2;2;1;5;3;2;2;2;3;4;4;3;3;4;4;2;3;2;3;1;22,4913494809689
0;1;15;3;3;170;81;3;2;3;3;4;1;4;2;4;4;4;2;5;4;5;4;5;4;5;4;4;4;4;4;4;4;4;2;2;2;4;2;3;2;4;3;3;2;1;2;3;2;4;2;3;3;3;2;3;2;2;3;28,0276816608997
0;1;14;3;2;140;42;3;2;3;4;2;1;2;4;5;4;4;4;3;4;4;3;4;3;4;4;5;4;3;3;3;3;3;3;4;4;4;3;3;4;3;4;3;2;2;4;4;3;4;4;4;4;4;3;2;1;3;3;21,4285714285714
1;0;15;3;2;176;69;2;2;3;3;4;2;4;3;2;2;2;1;5;5;5;5;3;5;4;3;5;4;3;4;2;3;4;4;4;4;3;2;2;1;4;2;2;2;2;2;1;2;2;2;1;4;2;2;3;3;2;3;22,2753099173554
0;0;18;3;3;183;78;3;4;3;3;3;3;3;3;4;4;4;4;4;3;99;4;4;4;4;3;4;99;2;3;3;3;3;3;3;2;3;3;4;3;2;2;4;2;2;3;3;2;2;3;2;3;2;2;99;99;2;3;23,291229956105
0;1;15;4;3;165;47;5;4;4;3;5;2;3;2;4;5;5;3;3;3;3;3;3;3;3;3;2;3;2;2;3;4;4;2;3;4;3;3;3;1;4;4;2;2;2;4;5;3;3;5;5;3;3;3;2;3;1;2;17,2635445362718
0;0;17;3;2;184;68;3;2;2;2;4;3;5;2;4;3;3;5;5;4;5;5;3;5;3;3;4;5;3;4;4;3;3;4;2;2;5;2;3;5;3;2;3;2;2;1;1;2;3;2;3;2;3;3;99;2;2;3;20,0850661625709
1;0;15;2;3;195;70;2;1;2;2;2;2;3;3;3;1;1;3;4;5;4;4;3;4;2;3;5;3;3;3;3;3;3;2;2;1;3;2;1;2;1;1;2;2;2;1;1;1;1;1;1;2;1;1;2;3;2;4;18,4089414858646
0;0;14;3;2;152;53;2;1;2;2;3;2;3;4;4;3;4;4;4;3;4;4;3;3;5;3;4;4;3;3;4;3;3;3;4;3;4;3;4;3;3;4;3;2;2;2;2;2;2;2;3;3;2;2;3;2;2;2;22,9397506925208
0;0;15;3;2;165;58;2;2;2;2;2;1;2;3;3;3;4;3;5;4;4;4;3;5;4;3;5;4;3;3;3;3;4;2;3;2;3;2;3;2;2;2;2;2;2;2;2;2;2;3;2;2;2;3;2;2;2;99;21,3039485766759
0;0;16;3;3;187;67;3;2;2;2;1;1;1;2;4;4;4;1;5;3;5;5;3;5;4;3;5;4;4;3;4;4;99;4;2;4;5;4;4;4;1;2;3;2;2;1;2;1;2;3;1;2;1;2;2;1;3;3;19,1598272755869
0;1;17;3;3;165;56;3;3;4;3;3;2;2;1;4;4;2;2;99;5;5;5;3;99;99;99;5;4;3;4;4;4;4;4;2;3;2;3;3;2;2;3;1;1;2;1;1;2;1;3;1;1;2;3;3;2;4;4;20,5693296602388
1;0;13;3;3;152;45;3;2;3;2;5;2;3;2;4;4;3;2;3;4;4;4;3;3;3;4;4;2;3;4;3;2;4;3;2;2;4;2;1;2;1;2;1;2;2;3;2;2;2;2;2;2;2;2;2;1;3;4;19,4771468144044
0;1;13;3;2;153;56;2;1;2;2;3;2;3;3;3;3;3;3;3;3;3;3;3;3;3;3;3;3;3;3;3;3;3;4;4;4;4;4;4;4;3;3;3;2;2;2;2;4;2;2;2;2;2;2;3;2;4;3;23,922422999701
0;1;14;3;3;166;53;4;99;3;3;4;2;4;3;4;4;4;3;3;2;2;3;2;3;1;4;3;3;2;2;2;2;2;4;3;3;3;3;4;4;3;3;3;2;2;4;4;3;3;3;2;3;3;3;3;2;2;4;19,2335607490202
0;0;17;3;4;180;83;2;1;3;2;1;1;2;4;2;5;4;1;2;3;3;2;5;4;2;4;3;2;2;3;3;4;4;3;2;1;3;1;2;4;4;3;1;2;2;4;5;4;4;3;2;5;3;2;99;1;3;2;25,6172839506173
1;0;13;4;2;160;70;2;1;2;2;5;2;4;3;3;4;3;3;2;2;4;3;4;3;2;3;2;2;2;3;3;3;3;3;2;3;3;3;4;4;3;4;4;2;2;4;4;4;4;3;4;4;3;3;3;1;2;3;27,34375
1;1;13;3;3;165;83;1;1;1;2;2;2;2;3;4;5;4;3;3;3;2;3;3;3;3;2;4;3;2;3;3;2;2;4;5;4;3;5;4;3;4;5;5;2;1;4;4;3;3;4;4;2;4;3;2;1;2;3;30,4866850321396
1;0;13;2;2;180;70;1;1;2;2;2;2;2;4;3;3;3;3;4;5;5;4;4;4;4;3;4;5;3;4;4;3;4;4;3;2;4;3;4;4;2;3;4;2;2;1;1;2;2;3;1;2;2;2;3;2;2;3;21,6049382716049
0;0;17;4;3;181;66;2;2;3;2;5;2;5;1;2;4;2;2;4;5;5;5;4;5;3;3;5;4;3;3;4;4;4;2;4;1;5;1;4;2;2;5;3;2;2;2;1;1;1;99;99;99;99;99;1;3;4;1;20,1459051921492
0;1;14;3;2;156;36;3;3;3;3;3;2;3;2;3;2;2;2;4;3;3;3;3;4;3;4;4;3;3;3;4;4;3;3;3;3;3;3;2;3;2;3;3;2;2;1;1;4;5;3;1;5;1;5;3;2;3;2;14,792899408284
1;0;15;3;2;172;76;2;2;2;2;4;2;3;3;4;4;4;3;3;2;3;3;3;2;2;2;4;3;3;3;3;2;3;3;4;3;3;3;3;3;4;4;3;2;2;4;3;4;4;3;4;4;2;4;3;1;2;3;25,6895619253651
0;0;13;2;2;171;70;2;2;2;1;2;2;2;1;4;3;1;1;3;5;3;5;2;5;2;2;4;4;4;3;4;2;4;1;2;2;3;2;2;1;2;2;3;2;2;4;4;2;3;3;3;4;3;3;99;1;2;4;23,9389897746315
1;1;16;3;2;171;68;3;1;2;4;5;2;5;4;4;5;4;3;3;2;4;3;3;2;2;2;2;2;2;2;2;4;3;2;4;3;5;3;4;4;4;4;4;2;2;3;3;4;2;4;3;4;2;3;3;1;3;3;23,2550186382135
0;1;15;3;3;172;64;3;2;3;3;3;3;2;4;3;3;2;4;4;4;4;4;5;4;3;3;4;3;3;3;3;3;3;3;4;4;4;4;4;4;4;4;4;2;2;2;2;2;2;2;2;2;2;4;3;2;2;2;21,6333153055706
1;0;17;2;2;180;75;2;1;2;2;2;1;2;2;3;3;2;1;4;4;4;4;4;4;3;4;5;4;3;3;3;3;3;3;2;3;4;4;4;4;2;2;3;2;2;1;1;2;2;3;2;2;3;2;3;3;2;3;23,1481481481481
0;1;14;1;2;178;55;1;1;3;1;5;2;5;3;4;3;2;4;5;5;5;5;4;5;2;4;5;4;4;4;4;2;4;1;4;5;5;4;3;2;3;4;2;2;2;1;3;1;2;4;1;2;1;2;2;2;3;3;17,3589193283676
0;1;16;4;3;162;55;3;1;3;3;5;3;4;2;2;2;2;2;4;4;4;4;4;4;4;4;4;4;3;3;3;3;3;3;2;3;4;2;3;2;2;2;3;2;1;1;1;2;2;2;1;2;1;2;4;3;3;3;20,9571711629325
1;0;18;3;1;171;64;1;1;1;2;1;1;1;2;4;4;4;1;5;4;5;5;3;4;4;3;5;4;3;3;2;3;4;2;2;3;3;2;2;4;1;1;2;2;2;4;2;2;4;1;1;2;1;2;2;1;2;4;21,8870763653774
0;1;15;3;2;170;61;3;3;3;3;3;3;3;4;4;4;4;4;4;4;4;4;3;3;3;4;4;3;3;3;3;3;3;4;4;4;4;4;5;4;4;3;4;2;2;2;2;2;4;4;2;2;2;1;3;3;2;2;21,1072664359862
0;1;17;4;3;160;50;3;3;3;3;3;3;4;4;3;5;4;3;3;3;5;4;3;5;4;3;3;3;2;3;3;3;3;3;3;3;3;2;3;4;2;2;3;2;2;1;2;2;2;2;3;3;3;3;2;2;2;99;19,53125
0;1;15;3;3;150;38,5;3;1;2;2;3;2;3;4;2;1;3;4;3;3;2;3;3;3;5;1;4;2;2;2;3;2;2;4;2;2;4;1;5;2;1;4;5;2;2;2;1;2;2;2;2;4;1;4;2;2;2;2;17,1111111111111
1;1;14;3;3;162;59;3;3;3;1;2;1;4;5;4;5;5;3;3;2;4;2;3;2;3;2;5;2;1;2;1;2;1;3;5;5;2;4;1;4;5;5;2;2;2;5;5;5;1;2;2;1;3;3;4;2;3;2;22,4813290656912
1;0;13;2;1;158;52;1;2;2;1;4;2;4;2;3;3;3;2;5;4;4;4;3;5;4;4;5;5;3;4;4;3;3;1;2;2;3;2;2;2;1;2;3;2;2;3;2;2;3;3;2;3;2;3;1;2;2;2;20,829995193078
0;1;18;3;3;165;58;5;5;4;4;4;2;4;4;4;2;4;3;4;4;4;4;2;4;3;3;4;4;3;3;3;3;3;4;4;5;2;5;5;3;4;4;4;2;2;2;1;2;2;2;1;2;2;4;2;4;1;2;21,3039485766759
1;1;15;3;2;174;56;2;1;2;3;5;2;4;5;4;3;2;4;4;5;4;5;3;5;4;3;5;5;4;4;2;2;3;4;3;4;4;2;3;4;3;2;3;2;2;1;2;2;5;3;3;2;2;2;4;4;4;4;18,4964988769983
0;0;17;2;3;173;69;3;3;2;2;4;2;2;3;4;2;3;3;4;4;4;4;4;4;2;4;4;2;3;3;2;3;3;4;2;3;4;2;4;4;4;4;4;2;2;1;4;2;1;3;2;5;1;2;3;2;4;3;23,0545624644993
0;1;17;4;3;170;60;5;4;5;4;5;2;5;4;4;4;4;3;4;3;4;3;2;4;4;99;3;4;3;2;3;2;2;3;2;3;4;3;3;2;2;4;2;2;2;2;3;2;2;4;3;2;2;3;3;2;4;3;20,7612456747405
0;1;18;3;2;171;57;2;3;2;3;3;1;2;4;4;4;4;4;3;3;2;3;4;4;99;2;3;2;2;1;2;99;2;5;3;3;5;4;4;1;5;1;1;2;2;2;4;3;2;3;2;3;2;3;3;99;3;2;19,4931773879142
0;1;15;3;3;170;58;2;2;3;2;3;2;2;3;4;3;2;99;5;4;4;4;4;5;4;5;4;5;3;3;3;3;3;3;2;2;5;2;5;4;4;1;5;2;2;1;5;2;5;1;4;4;2;4;2;2;2;99;20,0692041522491
0;0;16;3;2;173;60,3;3;4;3;3;4;1;4;3;5;3;5;3;5;3;2;2;5;3;5;2;3;2;2;2;2;2;2;1;4;1;4;1;5;2;4;3;5;2;2;1;1;3;1;3;3;2;3;3;3;2;4;3;20,1476828494103
1;0;15;3;2;180;65;3;3;3;2;4;2;4;4;4;3;4;4;3;4;3;4;4;4;2;3;3;3;2;2;2;3;2;4;4;3;4;4;3;3;3;4;4;1;2;2;2;3;2;3;3;3;3;3;1;1;2;3;20,0617283950617
1;1;18;3;3;169;99;2;2;3;1;5;5;4;3;3;3;5;2;5;5;5;5;4;5;4;4;4;3;4;2;2;2;4;3;1;4;2;3;2;3;4;3;3;1;1;3;3;2;3;3;3;3;1;3;4;1;2;3;34,6626518679318
0;1;17;3;3;173;81;2;4;3;4;5;2;4;1;4;4;4;1;4;4;5;4;4;4;5;3;5;4;3;3;3;3;4;2;2;2;4;2;2;4;2;2;2;2;2;4;3;4;4;3;2;2;2;2;2;1;2;3;27,0640515887601
0;1;14;3;4;154;45;2;1;3;2;5;4;5;4;4;4;4;3;4;4;4;4;3;99;4;4;4;4;3;3;3;3;4;4;3;4;4;4;3;4;4;4;4;2;99;3;4;3;2;3;4;3;4;3;4;1;3;3;18,9745319615449
1;0;15;5;1;172;100;2;2;2;2;1;1;1;3;3;3;3;2;3;3;3;3;3;3;3;2;3;2;3;3;2;3;3;3;2;4;3;2;3;3;3;3;3;1;2;3;3;2;3;3;4;3;3;3;3;4;4;4;33,802055164954
1;1;16;5;2;164;52;3;2;4;2;5;3;5;4;4;2;3;2;5;5;5;5;3;5;5;2;5;5;4;3;3;2;4;4;4;4;5;4;2;2;2;2;2;2;2;2;4;2;2;2;2;3;4;2;3;2;2;4;19,3337299226651
1;1;18;3;2;164;65;4;3;4;4;5;2;4;2;4;4;4;1;5;4;5;4;5;4;5;4;4;5;4;4;4;4;4;3;3;4;5;2;3;1;4;4;2;2;2;4;4;2;2;1;4;2;5;3;4;1;3;4;24,1671624033314
1;0;18;3;2;176;72;1;2;2;1;1;1;1;2;4;4;2;2;3;3;3;4;3;2;2;2;4;2;3;3;3;3;3;4;4;2;5;2;2;2;3;1;2;2;2;4;4;3;4;3;2;4;2;2;2;1;2;3;23,2438016528926
1;0;14;2;2;165;42;2;2;2;2;4;2;4;99;2;3;2;2;5;4;5;4;4;5;5;4;5;3;4;3;4;2;3;2;1;3;5;1;2;1;1;2;2;2;2;1;1;1;2;99;1;99;1;99;3;1;3;4;15,4269972451791
0;1;17;2;4;165;58;3;2;2;3;2;2;2;2;4;2;2;2;4;3;4;3;3;4;4;3;4;3;3;3;3;3;3;4;2;2;4;2;2;2;2;2;2;2;2;4;4;2;3;3;3;3;3;3;3;2;3;3;21,3039485766759
1;1;16;3;4;162;60;2;3;2;3;4;2;5;2;4;3;3;3;3;3;4;4;2;4;3;3;3;3;2;3;2;4;3;3;2;2;4;3;1;3;1;3;2;2;2;4;3;4;3;4;4;3;3;3;2;1;2;2;22,8623685413809
0;1;16;1;3;172;58;4;4;4;4;4;4;2;3;4;99;2;4;5;4;4;4;5;4;4;4;4;4;2;3;3;2;4;4;4;5;4;2;5;5;1;99;2;2;2;3;3;2;2;4;3;3;99;2;4;2;3;1;19,6051919956733
1;0;13;3;3;146;39;1;1;3;1;1;1;1;2;3;2;3;2;3;3;3;3;3;3;3;3;3;3;2;2;2;2;99;2;3;3;99;3;2;3;2;3;99;2;2;4;3;4;4;3;3;3;2;3;2;1;2;3;18,2961155939201
0;0;17;2;4;170;57;3;3;2;3;2;2;2;3;4;2;3;4;5;4;4;4;4;4;4;3;5;5;3;3;3;2;3;2;2;2;4;2;4;4;1;4;2;2;2;1;1;2;2;3;3;2;1;2;3;1;2;2;19,7231833910035
0;0;15;2;1;165;55;3;1;2;1;4;2;3;3;3;3;3;3;3;3;3;3;3;3;3;3;3;3;2;3;2;2;2;2;2;2;2;3;2;3;3;3;3;1;99;3;3;2;3;3;3;3;3;3;1;1;1;1;20,2020202020202
0;1;16;3;2;163;51;3;3;4;2;3;2;4;4;1;4;4;1;5;4;5;4;5;4;5;4;4;4;2;3;2;2;3;4;4;5;3;2;3;1;3;1;1;2;2;2;1;2;3;99;99;2;4;2;3;3;4;3;19,1953027964922
0;0;14;3;3;175;52;2;1;1;2;2;2;1;2;3;3;3;3;2;3;2;4;3;3;4;3;3;3;2;3;3;2;3;3;3;3;2;3;3;2;2;2;2;2;2;3;2;3;3;3;2;2;3;5;1;2;2;3;16,9795918367347
1;1;15;3;3;177;59;2;1;2;2;5;3;5;4;4;3;3;4;4;4;4;4;3;4;3;4;4;5;3;3;3;3;4;2;4;2;4;3;2;3;2;3;2;2;2;2;3;2;3;2;2;2;2;3;2;2;3;3;18,8323917137476
1;1;18;5;2;166;67;4;2;4;4;5;2;5;3;4;5;4;3;3;3;5;4;4;4;4;3;3;4;3;3;4;4;3;1;1;3;5;4;5;2;3;3;1;2;2;4;2;2;3;2;3;3;3;3;1;1;3;4;24,3141239657425
1;0;18;3;3;179;65;2;1;1;2;2;2;3;3;3;4;4;4;5;4;4;4;3;3;4;3;3;5;3;3;3;3;4;4;2;3;3;4;2;2;2;3;2;2;2;2;2;2;2;3;2;2;2;2;2;2;1;1;20,2865079117381
1;0;16;1;2;175;98;3;4;3;2;5;2;2;1;2;3;4;1;3;3;4;3;2;4;3;5;5;2;3;3;3;3;4;3;2;1;3;2;1;2;1;3;2;2;2;4;3;3;4;4;5;4;2;5;3;1;4;4;32
0;0;16;3;2;185;82;2;1;2;2;3;99;3;2;4;1;4;3;4;5;4;5;4;4;5;4;5;4;3;3;3;3;4;3;2;2;4;3;2;4;2;2;2;2;2;2;1;2;2;2;1;1;1;1;2;3;3;2;23,9590942293645
0;0;16;4;3;170;72;4;4;4;3;3;2;2;4;3;4;4;3;3;2;4;3;3;2;3;3;3;4;2;3;2;2;3;3;4;4;4;2;2;3;3;3;4;2;2;3;4;2;3;3;3;4;2;4;3;2;2;2;24,9134948096886
1;1;18;4;4;160;40;4;4;4;4;5;3;5;3;5;5;5;3;3;3;3;3;4;3;3;3;3;3;2;3;2;3;4;4;4;4;5;4;4;5;4;3;4;2;2;1;1;2;5;2;1;5;1;5;3;2;1;99;15,625
1;0;15;3;2;180;62;3;3;3;2;2;1;2;4;2;4;4;3;4;3;5;4;4;3;5;4;4;3;4;4;4;3;4;1;3;2;1;3;3;3;2;4;3;2;2;1;1;3;3;2;1;1;1;4;2;2;3;4;19,1358024691358
0;1;16;2;3;164;70;2;1;3;2;4;3;3;4;3;3;5;4;4;3;5;4;3;3;4;2;3;5;2;4;3;2;3;3;2;2;3;3;4;2;4;4;2;2;2;3;5;2;1;1;3;4;1;4;3;3;3;3;26,0261748958953
0;1;14;4;2;170;61;3;2;3;4;4;2;4;4;4;4;4;4;4;3;3;3;3;3;3;2;3;3;2;2;2;2;3;4;5;4;5;4;3;4;4;4;2;2;2;3;4;3;4;3;3;4;2;3;3;1;3;3;21,1072664359862
1;1;16;3;2;170;55;3;4;3;99;4;2;4;4;4;4;3;4;3;3;3;99;3;3;3;99;3;3;2;2;2;1;2;4;5;4;5;4;4;4;3;4;4;2;2;1;1;2;3;3;4;4;1;4;2;3;2;3;19,0311418685121
1;0;18;2;3;176;72;2;3;3;2;2;1;3;4;4;4;3;4;3;3;3;3;3;3;3;3;3;3;3;2;3;2;3;3;3;3;3;3;4;2;3;4;3;2;2;2;1;3;2;3;3;4;2;4;2;2;2;2;23,2438016528926
1;0;18;3;3;175;65;3;3;3;4;3;2;2;4;4;3;4;4;4;4;3;4;3;4;3;3;4;3;4;4;4;3;4;4;4;3;4;3;3;4;2;4;3;2;2;2;2;2;2;2;2;2;2;2;3;2;2;3;21,2244897959184
0;0;13;2;3;157;58;3;1;3;2;4;2;4;3;2;5;5;3;2;3;4;3;4;3;3;3;3;3;2;3;3;3;3;3;1;1;4;2;5;4;2;4;3;2;2;4;2;3;3;2;4;2;2;4;3;1;3;2;23,5303663434622
0;1;16;2;2;153;56;3;2;3;3;2;2;3;4;4;3;4;4;3;4;4;3;3;4;3;5;4;5;3;3;2;3;4;4;4;4;5;4;4;4;3;3;3;2;2;4;3;3;3;2;2;4;2;3;4;3;2;3;23,922422999701
1;0;16;3;2;165;75;3;1;3;2;2;1;2;3;3;5;4;3;5;3;3;3;5;5;4;3;3;2;2;4;4;4;4;3;3;3;5;4;2;4;4;4;3;2;2;3;3;4;3;3;3;3;4;2;4;2;3;4;27,5482093663912
0;1;18;5;3;164;45;3;3;3;4;5;2;5;4;4;5;4;4;4;3;3;3;3;4;3;3;3;3;3;3;3;3;3;4;4;3;4;4;4;2;4;4;3;1;2;4;1;3;3;3;3;2;3;3;2;3;3;2;16,7311124330756
1;1;15;2;1;168;56;1;1;1;1;3;2;3;4;1;2;3;2;4;4;4;5;4;5;4;4;5;5;3;4;4;4;4;4;4;2;3;3;2;4;1;3;3;2;2;1;1;2;1;1;3;2;2;2;2;2;2;4;19,8412698412698
0;1;14;3;3;160;52;2;2;2;3;4;3;5;4;4;2;3;4;3;3;4;4;4;3;4;3;4;4;3;3;3;4;3;4;4;4;5;3;5;3;3;4;4;2;2;4;3;3;4;3;4;3;3;2;4;3;3;3;20,3125
0;0;13;3;3;145;38;3;1;2;3;5;3;4;3;4;2;3;3;3;3;4;2;3;3;3;3;3;3;2;3;3;3;3;2;3;4;3;4;3;3;4;2;3;2;2;2;2;2;4;4;2;2;2;4;2;2;2;2;18,0737217598098
0;0;18;2;2;167;71;1;3;4;2;5;2;99;3;3;3;3;3;3;3;99;3;5;3;2;99;4;5;4;4;3;3;3;4;4;4;5;1;1;2;3;5;5;2;2;4;5;2;3;5;3;3;1;5;3;1;4;1;25,4580659041199
0;0;13;3;2;165;45;2;2;1;1;1;1;1;3;4;2;4;3;3;3;4;3;5;2;2;2;3;99;3;2;2;3;99;2;4;3;4;2;3;4;3;4;3;1;2;2;2;3;2;3;3;3;3;3;2;2;2;3;16,5289256198347
0;1;13;3;1;160;56;4;2;3;1;2;2;2;4;3;4;4;3;3;3;3;99;2;3;99;99;3;3;2;2;3;2;3;4;3;3;4;4;3;4;4;4;4;2;2;4;4;3;3;3;3;3;4;3;3;99;2;3;21,875
0;0;18;3;3;190;70;2;2;3;2;4;2;3;3;2;4;2;2;3;3;4;3;2;3;3;3;4;3;2;3;3;3;3;3;3;2;3;2;3;2;2;3;2;2;2;1;1;2;2;2;2;3;2;2;2;2;2;2;19,3905817174515
1;0;17;3;2;169;73;3;1;5;3;1;1;1;2;3;5;4;1;5;5;2;5;5;4;5;4;5;2;4;3;3;3;4;3;2;2;5;5;4;1;4;1;4;2;2;1;4;1;1;2;4;3;2;4;2;3;4;2;25,5593291551416
0;1;18;3;2;178;70;2;3;2;2;5;2;5;3;2;2;2;3;4;4;5;4;3;4;4;4;4;3;3;3;4;2;3;3;2;2;4;2;3;2;1;3;2;2;2;3;2;2;3;1;2;2;2;2;2;1;2;3;22,0931700542861
1;1;13;4;4;165;51;4;3;4;3;4;3;3;4;4;4;4;3;3;3;3;3;3;3;2;3;3;3;3;3;4;3;3;4;3;3;3;3;2;3;3;3;3;1;1;3;4;2;1;1;5;1;4;2;3;3;3;3;18,732782369146
0;0;13;3;3;170;63;3;3;3;3;4;3;3;3;3;3;3;3;3;3;3;3;3;3;3;3;3;3;3;3;3;3;3;3;3;3;3;3;3;2;2;3;2;2;2;4;3;3;3;3;3;3;3;3;3;2;2;3;21,7993079584775
1;1;13;3;3;158;49;3;3;3;4;5;3;5;4;5;3;4;3;4;4;4;4;4;4;4;4;4;4;3;3;3;3;3;4;4;4;3;3;3;3;2;3;3;2;2;2;3;3;3;4;3;3;3;3;3;2;3;4;19,6282647011697
1;0;17;3;3;179;63;3;2;2;3;4;2;4;4;3;3;4;4;4;3;4;4;4;4;4;3;4;4;3;3;3;3;3;3;3;3;3;2;3;3;3;3;3;2;2;1;1;2;2;2;2;3;2;3;2;2;3;4;19,6623076683
1;1;18;3;3;168;52;5;5;5;5;3;3;3;3;3;3;3;3;3;3;3;2;3;3;3;3;3;2;2;2;2;2;2;4;4;3;3;3;3;3;3;3;3;2;2;3;4;3;3;3;3;3;3;3;3;3;3;3;18,4240362811791
0;1;18;3;5;169;52;2;2;3;3;5;3;5;3;4;4;3;3;3;3;3;3;4;3;3;3;3;2;2;3;3;2;3;3;3;2;4;3;3;2;3;3;3;2;2;2;2;3;4;4;2;4;2;4;2;3;3;2;18,2066454255803
1;1;13;4;3;152;49;3;3;3;5;5;2;5;3;4;4;4;1;5;4;5;4;3;4;5;4;4;4;4;4;3;3;4;2;2;4;5;3;3;3;1;3;1;2;2;4;2;2;2;3;1;2;1;1;2;3;4;4;21,2084487534626
0;1;14;4;4;160;47;3;2;3;4;5;2;4;4;4;4;4;4;3;4;3;3;4;3;2;2;3;3;2;2;2;4;4;4;4;4;4;4;4;4;3;4;2;2;2;2;3;2;4;3;2;3;3;4;3;2;3;3;18,359375
0;1;13;3;2;168;52;3;99;2;2;2;1;2;2;4;3;1;3;4;4;3;4;4;5;3;4;5;3;3;3;2;99;99;2;2;4;4;4;2;2;1;1;2;2;2;4;2;3;3;2;1;3;1;3;2;2;2;99;18,4240362811791
0;0;17;3;3;178;73;2;2;2;2;3;2;3;2;4;4;4;2;4;4;4;4;4;4;4;3;4;3;3;3;3;3;3;3;4;2;4;3;3;4;4;3;3;2;2;4;3;2;4;3;3;3;3;3;1;1;2;2;23,0400201994698
0;0;17;3;1;179;65;2;1;2;3;5;2;4;2;3;3;4;4;2;3;3;3;3;4;3;2;3;4;3;3;1;2;4;4;4;3;3;4;1;3;3;1;3;2;2;1;1;4;3;2;3;3;3;3;1;2;1;99;20,2865079117381
0;1;13;2;2;155;40;2;2;3;2;3;2;3;4;3;2;2;4;5;5;5;5;4;5;3;3;5;3;3;3;3;3;3;3;2;3;4;4;4;4;2;3;2;2;2;2;2;2;2;2;2;2;2;2;3;2;3;3;16,6493236212279
0;1;18;3;4;168;54;4;5;4;3;4;2;4;2;4;5;4;1;4;4;4;4;3;3;5;4;4;5;3;3;4;4;3;2;1;4;5;5;5;4;2;3;5;2;2;4;4;2;3;4;1;4;1;2;4;3;1;4;19,1326530612245
0;0;13;2;2;151;36;2;2;2;2;5;2;4;3;3;1;2;2;5;5;4;4;3;99;4;99;5;4;2;3;2;2;3;2;1;2;5;2;4;3;2;2;3;2;2;1;1;2;2;3;1;2;1;2;2;1;3;1;15,7887811938073
0;0;17;3;3;185;78;3;3;3;3;5;3;5;4;3;3;3;3;3;3;3;3;3;3;4;3;3;3;3;4;2;3;2;3;2;3;3;4;3;3;4;4;3;2;2;2;3;2;4;3;2;3;2;4;2;3;2;3;22,7903579254931
1;0;13;2;3;165;56;2;1;3;2;3;2;3;1;99;4;4;2;5;4;5;4;5;5;3;3;5;4;3;4;3;3;4;4;2;2;99;2;3;2;4;4;3;2;2;3;2;3;2;99;4;2;99;2;2;1;4;4;20,5693296602388
0;1;14;3;2;160;54;2;1;2;2;2;1;2;4;3;3;2;3;4;4;4;4;4;4;4;4;4;3;3;3;2;2;2;4;3;1;2;1;3;3;2;3;3;2;2;2;2;2;3;2;2;4;2;4;4;3;2;2;21,09375
1;1;18;3;3;180;60;1;2;2;2;3;3;2;3;2;3;3;2;3;3;3;3;3;2;4;3;4;4;2;2;2;2;3;2;2;2;3;3;3;3;2;3;3;2;2;2;2;3;3;4;3;3;2;4;3;3;3;2;18,5185185185185
0;0;16;2;5;180;80;3;3;3;3;3;5;99;4;4;4;4;2;4;4;3;4;4;3;3;4;3;2;3;3;3;2;2;3;3;3;2;3;2;4;3;4;3;1;2;5;3;1;3;2;2;2;3;2;1;3;3;3;24,6913580246914
1;0;17;3;4;178;60;2;2;3;3;3;3;2;3;4;4;4;3;3;3;3;3;3;3;3;3;3;3;2;2;2;2;2;3;3;3;3;3;3;3;3;3;3;2;2;2;2;3;3;3;2;4;3;3;2;1;2;3;18,9370029036738
0;0;13;99;3;140;35;2;1;3;4;2;2;2;3;3;1;4;5;4;3;1;4;2;3;3;3;5;5;2;3;1;4;3;1;3;1;3;2;3;1;3;4;4;2;2;2;3;2;3;3;2;2;4;1;1;2;1;3;17,8571428571429
1;1;16;3;4;183;60;2;3;5;2;5;2;4;2;3;3;4;1;5;5;5;4;3;2;3;4;5;4;3;4;4;3;3;2;3;4;5;3;3;2;4;3;5;2;2;1;3;4;2;3;2;3;4;1;4;3;2;3;17,9163307354654
1;0;15;3;4;180;75;2;2;3;3;3;3;4;3;3;2;4;4;3;2;4;2;3;2;3;3;4;3;3;2;2;3;2;3;3;3;3;4;4;2;4;3;2;1;2;3;4;3;4;4;2;3;4;3;3;3;4;2;23,1481481481481
0;0;16;3;2;176;72;3;2;3;3;3;3;3;3;3;3;3;3;4;4;4;4;4;4;3;4;4;3;3;3;3;3;3;2;2;2;3;2;3;3;2;2;2;2;2;2;2;2;2;2;2;2;2;2;3;2;2;2;23,2438016528926
1;0;17;3;3;176;75;3;1;2;1;1;1;1;2;4;3;2;1;2;5;4;5;4;4;5;4;5;5;3;3;3;3;4;3;1;2;4;2;2;2;2;1;3;2;2;3;4;2;2;3;2;2;2;3;2;3;2;3;24,2122933884298
1;0;16;3;3;175;63;3;2;3;2;5;5;4;3;4;4;3;4;3;4;4;4;3;4;4;4;3;4;3;3;2;3;3;4;4;3;4;3;3;3;3;2;3;2;2;2;3;3;4;4;2;3;2;2;3;2;2;3;20,5714285714286
1;1;15;3;3;162;64;3;2;2;3;4;2;4;4;3;5;3;2;5;2;2;3;3;3;2;4;3;3;3;3;2;3;4;2;3;3;3;1;3;2;99;4;4;2;2;3;4;3;4;2;3;2;3;4;2;3;3;4;24,3865264441396
0;1;16;3;1;164;53;3;1;2;3;3;2;3;4;5;3;4;3;3;3;4;3;2;3;4;2;4;3;3;4;4;3;3;4;5;5;5;4;3;4;3;3;2;2;2;4;4;2;4;2;2;4;2;3;2;2;4;2;19,7055324211779
0;0;16;2;2;176;58;2;2;2;2;3;2;3;4;2;3;3;2;4;3;2;3;3;2;3;4;4;3;2;3;2;2;3;3;2;2;3;3;3;3;4;2;3;2;2;3;3;2;2;3;3;4;3;3;3;2;2;3;18,724173553719
1;0;14;2;3;181;65;1;2;2;2;3;2;3;1;4;1;1;3;99;5;5;4;4;4;3;5;5;2;2;3;2;4;4;1;4;2;3;2;2;2;1;1;3;2;2;1;2;2;1;1;1;2;1;1;1;4;2;3;19,8406642043894
1;1;15;4;5;165;55;4;4;4;4;5;2;5;4;4;4;4;4;3;3;3;3;3;3;3;3;3;3;2;2;2;2;2;3;3;4;3;4;4;3;3;3;2;2;2;3;3;3;3;3;3;3;3;3;3;3;3;3;20,2020202020202
0;1;13;3;3;157;53;3;2;2;3;1;1;1;4;4;4;4;3;4;4;4;4;3;4;4;3;4;4;3;3;3;3;3;3;3;3;3;5;4;3;2;3;4;2;2;3;4;2;2;2;3;3;3;3;3;2;2;3;21,5018864862672
1;1;15;3;2;168;59;2;2;2;2;4;3;3;4;4;3;4;4;3;3;3;4;4;3;4;4;4;3;4;3;3;3;3;4;2;2;3;4;2;4;2;3;3;2;2;3;2;4;4;4;2;4;2;4;3;4;4;4;20,9041950113379
1;1;13;3;3;160;41;3;2;3;2;2;2;2;3;3;3;2;1;4;4;3;4;3;4;4;99;5;4;4;3;3;3;3;3;3;3;3;3;3;3;3;5;3;2;2;1;1;1;5;1;1;5;1;1;2;3;3;4;16,015625
1;1;14;4;3;164;60;5;5;5;5;4;2;3;3;3;3;3;3;3;3;3;3;3;3;3;99;3;3;2;2;2;2;2;3;3;4;3;4;4;4;3;4;3;2;2;3;4;4;3;3;3;3;3;3;3;2;3;4;22,3081499107674
0;1;16;3;2;151;53;3;2;2;3;5;2;4;5;3;4;3;4;4;4;4;4;5;3;3;2;2;3;2;3;2;3;2;3;4;4;4;2;3;3;2;2;4;2;2;2;4;3;3;3;2;4;3;3;3;2;3;3;23,2445945353274
1;0;17;3;3;182;72;3;2;2;2;4;2;4;3;2;2;2;4;4;3;4;3;4;3;1;3;3;3;3;2;3;3;4;1;2;2;3;2;3;4;4;2;3;2;2;4;2;3;3;2;2;4;1;2;3;1;3;4;21,7365052529888
1;0;14;3;2;175;100;3;2;3;3;3;2;3;4;4;4;4;2;5;2;5;3;2;4;4;3;4;2;3;3;4;4;3;2;2;4;4;2;4;3;4;4;4;2;2;4;4;3;5;3;4;4;4;4;3;1;4;4;32,6530612244898
0;0;14;2;1;165;56;1;1;1;1;1;1;1;3;3;3;3;3;4;4;4;4;4;4;4;4;4;4;3;3;3;3;3;3;3;3;3;3;3;3;3;3;3;2;2;3;3;3;3;3;3;3;3;3;2;2;2;2;20,5693296602388
1;1;15;2;4;176;70;4;1;2;3;5;2;4;2;2;3;4;1;3;4;4;4;3;4;2;2;4;5;3;3;2;3;4;4;3;3;4;2;2;2;2;3;1;2;2;3;4;2;2;2;2;4;1;2;2;2;3;4;22,5981404958678
1;0;18;3;3;176;105;3;3;3;3;1;1;1;3;3;3;3;3;3;3;3;3;3;3;3;3;3;3;3;3;3;3;3;3;3;3;3;3;3;3;3;3;3;2;99;3;3;3;3;3;3;3;3;3;2;2;2;2;33,8972107438017
1;1;15;2;2;165;50;3;2;2;2;2;1;2;4;4;4;4;4;99;3;4;3;3;3;3;3;3;3;2;2;2;3;2;4;4;5;4;4;3;4;3;4;4;2;2;3;3;2;3;2;3;2;4;2;3;2;3;3;18,3654729109275
0;0;18;3;4;175;56;3;99;3;3;2;2;2;3;3;3;3;2;4;3;5;4;5;4;4;4;4;3;3;4;4;4;3;3;2;3;3;3;4;2;3;3;4;2;2;1;1;1;2;3;1;3;1;3;2;1;2;2;18,2857142857143
0;1;14;3;2;165;50;1;1;1;1;4;2;4;99;4;1;4;99;99;3;4;3;2;5;4;4;3;2;2;3;4;3;3;3;4;3;4;4;3;4;3;3;4;2;2;3;3;2;3;2;2;2;1;2;3;3;1;1;18,3654729109275
1;1;14;4;3;162;60;4;3;3;5;4;2;2;4;4;4;3;3;3;3;4;3;4;2;2;99;4;3;1;1;3;1;3;4;4;4;4;4;3;4;4;4;4;2;2;3;3;2;2;1;4;2;3;2;1;1;3;4;22,8623685413809
0;0;15;3;5;160;50;3;3;4;3;5;2;4;4;3;1;2;4;3;4;3;4;3;4;2;2;4;3;2;3;2;2;2;2;2;3;4;4;3;1;1;3;4;2;2;2;4;3;3;2;2;4;2;2;3;2;3;3;19,53125
0;0;17;4;3;175;72;5;4;5;3;3;99;4;3;4;2;4;3;3;3;4;4;4;3;4;4;4;3;3;4;3;2;2;3;3;3;2;4;4;3;4;2;4;2;2;3;3;2;2;2;2;2;3;4;4;4;3;2;23,5102040816327
0;0;15;3;3;170;40;2;1;1;1;4;2;4;2;3;4;4;2;3;5;3;4;3;5;2;5;5;1;3;4;3;3;4;2;2;2;4;2;2;2;2;2;4;2;2;1;2;2;5;3;2;4;1;4;2;1;4;1;13,840830449827
0;0;17;3;3;176;60;3;2;3;3;4;2;4;1;1;2;4;3;4;4;4;4;4;4;4;4;4;4;4;4;4;4;4;3;3;3;2;2;3;2;2;2;3;2;2;1;1;2;1;2;1;1;1;1;3;2;3;2;19,3698347107438
0;1;13;3;4;170;55;3;3;3;3;3;3;3;3;4;4;4;2;4;4;4;4;3;3;4;3;4;3;3;3;4;4;3;4;4;4;4;4;2;4;4;4;3;2;2;5;4;3;4;4;2;4;3;2;3;2;4;3;19,0311418685121
0;0;18;3;2;182;86;3;3;3;3;5;2;4;2;3;4;3;2;4;2;4;3;3;5;4;3;5;4;3;3;4;3;3;2;3;4;5;4;2;2;3;3;3;2;2;4;4;3;4;2;4;3;3;3;3;1;2;3;25,9630479410699
1;1;14;3;1;173;68;3;2;3;2;5;2;5;3;4;4;4;3;4;4;4;4;5;4;4;4;4;3;3;3;3;3;3;4;4;3;4;3;3;2;3;4;4;2;2;2;3;3;2;4;3;3;4;4;3;2;3;3;22,7204383708109
0;1;16;3;4;158;69;3;2;4;4;3;2;4;2;3;3;3;2;3;4;3;4;3;4;3;4;4;3;3;2;3;2;2;4;3;2;2;3;2;3;2;4;3;1;2;2;2;4;3;3;3;3;2;2;2;3;3;4;27,639801313892
1;1;13;4;3;173;53;5;1;1;3;5;3;4;4;5;3;2;4;5;4;4;99;4;4;3;3;4;4;2;2;4;3;3;4;4;5;3;3;1;5;2;2;1;2;2;4;1;3;99;1;3;5;1;5;4;2;4;4;17,708576965485
1;1;17;4;3;163,5;52;3;3;3;2;5;2;3;4;5;4;4;3;4;3;4;3;4;4;4;4;3;3;2;2;2;2;3;4;3;4;4;4;3;2;4;4;3;1;1;2;3;2;2;3;1;3;1;4;3;2;3;3;19,4521598443827
1;1;13;2;3;154;42;3;1;2;3;3;2;3;3;4;3;3;4;3;3;4;4;4;4;3;4;4;4;3;3;3;4;3;3;2;3;4;3;3;2;2;3;2;2;2;3;4;2;3;2;3;2;2;4;3;3;3;4;17,7095631641086
1;1;13;3;2;140;47;3;2;2;2;5;3;3;4;3;3;4;4;3;3;3;4;4;2;3;3;2;3;3;2;2;3;3;3;2;3;3;3;4;3;3;2;4;2;2;3;2;3;4;3;3;4;3;4;3;2;3;4;23,9795918367347
0;1;14;3;3;163;72;3;5;3;3;2;2;2;3;4;4;4;3;3;3;4;3;5;4;3;99;4;5;3;2;3;3;4;4;2;4;99;4;3;4;2;3;2;2;2;3;3;2;2;99;2;2;99;2;3;1;4;3;27,0992510068125
1;1;13;2;1;160;42;2;1;2;2;5;3;5;3;4;4;4;4;3;3;4;3;4;3;3;2;3;4;3;2;3;3;2;4;4;4;5;3;3;3;4;5;4;2;2;2;1;2;4;5;1;5;1;5;3;3;3;4;16,40625
1;0;13;3;3;145;40;3;2;3;3;5;5;5;3;4;3;2;4;4;3;3;4;4;4;3;4;3;4;2;3;3;2;3;2;4;3;2;4;4;4;3;3;4;2;2;1;1;2;2;2;3;4;2;4;2;2;2;2;19,0249702734839
1;0;17;3;4;176;66;2;2;3;3;5;2;5;3;4;4;4;2;4;4;4;5;3;4;3;3;4;3;3;3;3;3;3;4;4;2;4;1;3;2;2;4;2;2;2;3;3;2;3;3;2;3;3;3;2;1;3;4;21,3068181818182
0;0;18;3;3;180;65;3;3;3;3;5;1;5;3;3;4;3;3;3;3;5;3;3;3;5;3;3;3;3;4;4;4;4;3;3;3;3;3;3;3;4;3;3;2;2;1;1;4;3;3;3;3;3;3;2;1;2;3;20,0617283950617
0;1;14;4;4;167;59;2;3;3;2;3;2;3;2;5;5;5;2;3;4;3;2;3;4;3;2;4;4;2;2;3;2;2;4;2;3;4;4;2;4;4;4;4;2;2;2;5;4;2;2;2;4;2;2;2;1;3;3;21,1552942020151
1;1;18;5;5;165;49;5;5;4;5;5;1;4;5;3;4;3;5;3;3;3;3;2;3;1;5;4;3;2;1;1;3;1;5;1;5;5;5;2;2;5;4;2;2;2;4;4;3;1;3;4;2;4;2;3;1;4;4;17,9981634527089
1;0;18;2;3;170;65;2;2;2;3;1;1;1;2;2;2;2;3;4;3;4;5;4;3;5;3;4;99;3;3;4;4;3;2;1;2;3;3;2;3;2;2;2;2;2;3;3;2;2;3;2;2;2;3;2;2;2;4;22,4913494809689
0;1;15;1;3;155;50;1;1;2;2;3;2;3;1;2;3;5;4;4;5;2;4;2;2;4;3;5;1;1;1;2;3;3;4;2;2;4;4;5;99;99;3;1;2;2;2;3;2;3;1;99;99;1;99;2;3;1;1;20,8116545265349
1;0;17;3;3;167,5;63;2;1;2;1;4;3;2;3;3;3;3;2;4;4;4;4;4;4;4;4;4;4;3;3;2;2;99;3;3;3;3;5;3;3;2;3;2;2;2;1;1;1;5;1;1;5;1;5;1;2;2;3;22,4548897304522
0;1;15;3;2;168;60;3;1;2;2;5;2;5;4;4;5;4;2;3;3;5;3;3;4;3;3;3;4;3;3;3;2;4;4;4;4;4;99;3;4;3;1;4;2;2;4;5;2;3;3;1;5;2;1;3;2;2;4;21,2585034013605
0;1;18;3;1;162;51;2;1;3;3;5;2;5;2;5;3;2;4;4;4;5;4;4;5;3;3;5;3;3;3;3;3;4;3;3;4;5;4;4;2;1;2;2;2;2;1;3;2;1;1;1;2;1;1;3;2;4;4;19,4330132601738
0;1;13;3;2;150;38;2;2;2;3;4;2;2;1;3;3;3;3;4;3;4;4;3;4;4;4;4;3;3;3;3;3;3;3;3;3;4;3;3;4;2;2;3;2;1;2;2;2;5;3;2;2;2;2;2;2;2;2;16,8888888888889
0;0;16;3;3;181;72;2;2;3;2;4;3;4;2;2;3;3;2;4;4;4;4;4;4;3;4;4;3;3;3;3;3;3;2;2;2;4;3;3;2;3;3;3;2;2;2;3;2;2;3;2;2;4;3;3;2;2;3;21,9773511187082
0;1;13;3;3;157;53;3;2;3;2;1;1;1;4;4;4;3;3;4;3;4;3;4;4;4;4;3;3;3;3;3;4;3;4;3;3;4;3;3;2;2;3;4;2;2;2;4;2;2;2;3;4;2;2;3;2;2;3;21,5018864862672
1;1;17;4;4;171;50;3;1;2;3;5;2;3;2;4;1;4;2;4;4;5;5;4;5;3;3;4;4;3;3;4;4;3;2;2;4;3;4;4;2;1;2;3;2;2;1;1;2;3;4;1;2;1;2;4;3;3;4;17,0992784104511
1;0;15;4;3;161;48;3;2;1;2;5;4;3;3;3;4;3;4;3;3;3;4;4;4;3;5;3;4;3;2;3;4;3;3;4;2;3;3;3;2;3;4;4;2;2;4;3;2;2;3;2;2;3;2;4;3;3;3;18,5178040970642
1;1;13;3;2;142;30;3;3;2;4;4;2;4;2;3;4;1;2;4;4;4;4;3;4;3;4;5;4;3;4;4;4;3;3;3;2;5;4;2;1;3;2;3;1;1;1;1;1;3;2;2;3;3;3;3;3;4;4;14,8780003967467
0;0;17;2;1;186;72;3;2;3;2;1;1;1;2;2;4;2;3;4;3;5;5;4;4;4;3;4;3;2;2;3;3;3;3;2;2;3;3;2;2;2;2;3;2;2;1;2;2;2;3;2;2;3;3;3;1;2;3;20,8116545265349
1;1;18;2;3;167;56;2;3;3;3;5;2;5;2;4;4;4;3;3;2;4;3;4;2;3;2;3;3;2;2;3;3;2;4;4;4;5;1;4;2;3;4;2;2;2;4;4;4;2;2;1;2;3;5;3;2;2;4;20,0796012764889
1;1;16;3;3;165;70;4;3;3;4;5;2;3;3;4;4;4;4;4;4;4;2;3;4;2;4;4;3;2;3;3;3;3;4;4;3;4;4;4;4;4;4;3;2;2;3;3;4;3;3;3;3;4;2;3;2;2;3;25,7116620752984
1;1;15;2;2;170;60;3;2;3;2;5;2;3;4;2;5;5;4;4;2;5;3;2;3;3;4;3;4;2;2;3;3;3;2;5;4;5;4;2;5;4;4;1;2;2;2;4;3;3;4;1;4;1;5;3;2;2;3;20,7612456747405
0;0;14;2;2;179;75;3;2;2;2;2;1;2;3;3;3;3;3;4;4;4;3;3;4;3;3;3;3;3;3;3;3;3;3;3;3;3;3;3;3;2;3;3;2;2;2;2;2;4;2;3;3;3;3;2;2;2;2;23,4075091289286
0;1;13;2;1;150;42;2;1;2;2;3;1;3;4;2;3;4;2;4;4;4;4;4;4;4;5;4;3;3;3;2;3;2;4;3;2;4;2;3;3;4;3;3;2;2;1;2;3;2;3;4;2;3;4;3;2;2;3;18,6666666666667
0;0;17;5;2;190;80;4;5;5;5;5;1;5;2;5;1;5;2;5;3;5;3;2;4;5;99;3;3;2;3;2;3;4;4;4;1;4;4;2;2;1;3;1;2;2;1;1;4;1;99;4;2;1;4;2;1;4;2;22,1606648199446
1;1;17;3;2;170;60;2;1;3;3;5;2;4;2;4;4;4;2;4;4;4;4;5;4;4;4;4;4;3;4;3;3;4;4;4;2;5;2;3;1;4;2;4;2;2;3;2;2;2;2;1;2;1;2;3;2;3;4;20,7612456747405
1;1;17;3;3;163,5;54;4;3;3;3;5;2;4;3;4;3;4;4;4;3;3;3;5;3;4;3;3;3;3;2;2;2;3;4;3;5;4;4;4;4;4;3;3;1;1;2;2;2;2;3;1;2;2;4;3;3;4;3;20,2003198383974
0;1;17;3;4;165;55;3;4;3;3;2;2;2;2;4;2;4;2;5;3;3;4;4;4;5;4;4;3;3;3;3;3;3;4;4;5;4;4;2;1;2;2;1;2;2;2;4;2;2;2;2;2;2;4;2;3;4;4;20,2020202020202
0;1;17;3;3;168;50;3;2;3;3;3;2;2;3;3;3;3;3;3;4;4;3;4;3;2;4;4;99;2;2;3;4;4;4;4;2;5;2;4;4;2;2;4;2;2;1;1;2;1;2;1;2;2;4;3;2;2;3;17,7154195011338
1;1;15;3;3;165;55;2;3;4;3;3;2;3;3;2;4;4;3;4;4;4;4;4;4;4;4;4;4;3;4;3;3;4;3;2;2;4;4;3;3;2;3;3;2;2;3;4;3;3;2;4;4;3;2;2;1;2;3;20,2020202020202
1;0;14;3;3;164;65;3;3;2;2;3;3;3;4;2;4;3;2;3;3;4;3;4;4;4;3;4;5;2;3;3;3;2;2;3;4;3;4;3;3;2;4;3;2;2;3;3;2;4;4;3;3;3;2;2;3;3;2;24,1671624033314
1;1;16;3;3;172;62;3;2;3;3;3;2;3;3;4;3;3;4;4;4;4;4;4;4;4;4;4;3;3;3;3;3;3;3;3;3;3;3;3;3;3;3;3;2;2;3;3;3;2;3;3;3;3;3;2;2;2;2;20,9572742022715
1;0;18;3;2;170;81;3;3;3;3;3;2;3;2;3;3;3;3;4;4;4;4;3;4;4;3;4;4;3;4;4;4;4;2;2;2;4;3;4;3;3;3;4;2;2;3;2;2;3;1;1;2;1;2;2;1;3;4;28,0276816608997
1;1;18;3;1;163;65;3;4;2;3;5;1;2;2;5;5;5;1;3;4;5;3;2;3;5;3;4;4;3;3;3;3;3;4;4;4;4;3;3;1;3;2;2;2;2;5;2;2;4;4;2;2;1;2;1;1;3;4;24,4646016033724
1;0;13;2;2;167;55;2;1;2;3;2;1;2;3;3;4;2;2;4;4;5;4;3;4;3;3;4;4;2;2;3;2;2;3;3;2;3;3;2;2;2;2;2;2;2;3;3;2;4;3;2;2;2;2;3;3;3;3;19,7210369679802
1;0;13;3;3;159;60;3;2;3;4;1;1;2;3;4;3;4;2;5;4;4;3;3;5;3;2;5;2;3;2;2;2;2;3;2;4;4;2;2;3;1;3;3;2;2;2;3;2;3;3;2;2;3;3;3;1;2;2;23,7332384003797
1;1;14;3;3;165;50;3;3;3;3;4;4;3;4;4;3;4;3;3;3;3;4;3;3;3;3;4;3;3;3;3;3;3;3;4;4;4;3;4;4;4;3;4;2;2;3;4;2;2;2;3;2;3;3;3;2;2;2;18,3654729109275
1;1;16;4;3;161;51;4;2;3;3;5;3;4;2;4;3;2;2;3;5;4;4;4;5;3;2;5;3;3;3;3;3;4;4;3;4;4;3;2;2;2;2;2;2;2;3;2;2;2;2;2;2;2;2;3;4;3;3;19,6751668531307
1;0;16;3;2;175;84;2;1;2;3;3;1;2;2;2;4;4;3;3;3;4;4;4;2;4;3;4;4;4;4;4;4;4;3;2;3;4;3;2;4;3;3;3;2;2;4;3;3;3;3;3;3;3;3;3;3;2;2;27,4285714285714
1;1;13;2;2;165;56;2;2;2;2;4;2;3;3;3;3;3;3;4;4;4;4;3;4;4;4;4;4;3;3;3;3;3;3;3;3;4;3;3;3;2;2;2;2;2;2;2;3;3;2;3;3;2;3;3;2;3;4;20,5693296602388
1;1;18;3;3;173;78;3;2;3;3;3;2;3;2;2;5;5;2;4;2;5;3;4;5;4;3;3;4;3;4;4;4;4;1;4;4;2;2;2;3;3;5;2;2;2;4;4;3;4;4;5;4;3;4;2;1;4;4;26,0616793076949
1;1;16;4;4;165;55;4;4;4;4;4;4;4;3;3;3;3;3;3;5;4;5;2;4;4;4;4;4;4;4;4;4;4;3;3;4;3;3;4;4;3;3;3;2;2;2;2;3;3;3;3;3;3;3;2;1;2;2;20,2020202020202
1;1;15;3;3;160;55;5;2;4;5;2;1;2;3;4;4;3;3;3;3;4;3;3;4;4;2;3;4;3;2;2;2;2;4;4;4;4;3;4;4;3;3;3;2;2;4;5;2;2;2;3;2;4;2;3;2;3;3;21,484375
1;1;18;2;2;153;48;2;2;2;2;4;1;4;2;4;3;3;2;3;4;5;3;4;4;2;2;5;3;2;3;2;3;3;3;4;5;2;2;3;3;2;4;4;2;2;4;4;1;3;3;4;3;3;4;2;2;3;4;20,5049339997437
1;0;15;3;4;185;74;2;2;3;2;5;2;4;2;3;2;4;3;4;4;4;4;3;4;3;3;4;2;3;3;4;3;3;2;3;2;3;3;4;2;3;2;4;2;2;1;1;2;2;4;1;3;1;3;2;2;2;3;21,6216216216216
1;0;14;4;2;161;50;4;3;2;2;2;2;2;2;3;5;3;1;4;3;4;2;3;4;5;99;3;99;3;3;3;2;4;2;1;2;5;4;4;1;2;99;3;2;2;5;3;4;2;99;1;2;99;2;2;1;2;4;19,2893792677752
1;1;16;3;2;172;65;3;2;3;3;5;5;4;3;3;3;2;4;3;4;4;4;2;4;3;4;4;4;3;2;2;3;3;4;3;4;3;3;3;4;2;4;4;2;2;4;3;2;2;3;2;3;2;4;3;2;2;2;21,9713358572201
1;1;15;2;2;165;50;2;1;1;1;1;1;2;3;3;3;2;4;2;5;4;4;2;4;2;3;5;3;3;3;3;2;3;4;3;4;3;4;4;2;2;2;4;2;2;1;1;1;1;1;1;5;1;1;2;2;1;99;18,3654729109275
1;1;13;3;4;161;60;3;2;3;3;4;2;2;99;5;4;2;1;4;3;3;4;3;4;3;3;3;4;2;3;3;3;4;2;3;4;5;3;2;4;3;3;2;2;2;2;1;3;3;1;4;1;1;4;2;2;3;3;23,1472551213302
1;1;17;4;3;150;43;5;3;3;3;4;3;4;3;3;4;4;3;3;3;5;2;4;3;2;2;5;4;3;3;3;3;3;4;3;3;4;4;3;1;2;5;4;2;2;1;2;2;4;3;3;3;3;3;2;4;3;3;19,1111111111111
1;1;14;4;4;165;55;4;2;4;4;1;1;2;3;4;4;4;2;3;3;5;3;4;3;4;2;3;4;3;3;4;3;4;4;3;4;4;4;3;2;3;3;2;2;2;3;4;2;2;1;1;4;1;1;2;2;3;4;20,2020202020202
